source_id,bar,onset_beats,duration_beats,source_staff,source_voice,source_midi,destination,sounding_midi,octave_shift,added_doubling,tie_chain
m1-n18-1,1,0.0,4.0,1,1,71,VA,71,0,False,m1-n18-1
m1-n18-2,1,0.0,4.0,1,1,74,V2,74,0,False,m1-n18-2
m1-n18-3,1,0.0,4.0,1,1,78,V1,78,0,False,m1-n18-3
m1-n18-4,1,0.5,0.25,2,5,52,VC,52,0,False,m1-n18-4
m1-n18-5,1,0.75,0.25,2,5,50,VC,50,0,False,m1-n18-5
m1-n18-6,1,1.0,0.25,2,5,52,VC,52,0,False,m1-n18-6
m1-n18-7,1,1.25,0.25,2,5,50,VC,50,0,False,m1-n18-7
m1-n18-8,1,1.5,0.25,2,5,47,VC,47,0,False,m1-n18-8
m1-n18-9,1,1.75,0.25,2,5,50,VC,50,0,False,m1-n18-9
m1-n18-10,1,2.0,0.25,2,5,52,VC,52,0,False,m1-n18-10
m1-n18-11,1,2.25,0.25,2,5,50,VC,50,0,False,m1-n18-11
m1-n18-12,1,2.5,0.25,2,5,52,VC,52,0,False,m1-n18-12
m1-n18-13,1,2.75,0.25,2,5,50,VC,50,0,False,m1-n18-13
m1-n18-14,1,3.0,0.25,2,5,52,VC,52,0,False,m1-n18-14
m1-n18-15,1,3.25,0.25,2,5,50,VC,50,0,False,m1-n18-15
m1-n18-16,1,3.5,0.25,2,5,47,VC,47,0,False,m1-n18-16
m1-n18-17,1,3.75,0.25,2,5,50,VC,50,0,False,m1-n18-17
m2-n4-18,2,0.0,4.0,1,1,71,VA,71,0,False,m1-n18-1
m2-n4-19,2,0.0,4.0,1,1,74,V2,74,0,False,m1-n18-2
m2-n4-20,2,0.0,4.0,1,1,78,V1,78,0,False,m1-n18-3
m3-n18-21,3,0.0,4.0,1,1,71,VA,71,0,False,m1-n18-1
m3-n18-22,3,0.0,4.0,1,1,74,V2,74,0,False,m1-n18-2
m3-n18-23,3,0.0,4.0,1,1,78,V1,78,0,False,m1-n18-3
m3-n18-24,3,0.5,0.25,2,5,52,VC,52,0,False,m3-n18-24
m3-n18-25,3,0.75,0.25,2,5,50,VC,50,0,False,m3-n18-25
m3-n18-26,3,1.0,0.25,2,5,52,VC,52,0,False,m3-n18-26
m3-n18-27,3,1.25,0.25,2,5,50,VC,50,0,False,m3-n18-27
m3-n18-28,3,1.5,0.25,2,5,47,VC,47,0,False,m3-n18-28
m3-n18-29,3,1.75,0.25,2,5,50,VC,50,0,False,m3-n18-29
m3-n18-30,3,2.0,0.25,2,5,52,VC,52,0,False,m3-n18-30
m3-n18-31,3,2.25,0.25,2,5,50,VC,50,0,False,m3-n18-31
m3-n18-32,3,2.5,0.25,2,5,52,VC,52,0,False,m3-n18-32
m3-n18-33,3,2.75,0.25,2,5,50,VC,50,0,False,m3-n18-33
m3-n18-34,3,3.0,0.25,2,5,52,VC,52,0,False,m3-n18-34
m3-n18-35,3,3.25,0.25,2,5,50,VC,50,0,False,m3-n18-35
m3-n18-36,3,3.5,0.25,2,5,47,VC,47,0,False,m3-n18-36
m3-n18-37,3,3.75,0.25,2,5,50,VC,50,0,False,m3-n18-37
m4-n22-38,4,0.0,4.0,1,1,71,VA,71,0,False,m1-n18-1
m4-n22-39,4,0.0,4.0,1,1,74,V2,74,0,False,m1-n18-2
m4-n22-40,4,0.0,4.0,1,1,78,V1,78,0,False,m1-n18-3
m4-n22-41,4,0.0,0.6666666666666666,1,2,79,VA,79,0,False,m4-n22-41
m4-n22-42,4,0.0,0.6666666666666666,1,2,83,V2,83,0,False,m4-n22-42
m4-n22-43,4,0.0,0.6666666666666666,1,2,88,V1,88,0,False,m4-n22-43
m4-n22-44,4,0.6666666666666666,0.6666666666666666,1,2,79,VA,79,0,False,m4-n22-44
m4-n22-45,4,0.6666666666666666,0.6666666666666666,1,2,83,V2,83,0,False,m4-n22-45
m4-n22-46,4,0.6666666666666666,0.6666666666666666,1,2,88,V1,88,0,False,m4-n22-46
m4-n22-47,4,1.3333333333333333,0.6666666666666666,1,2,79,VA,79,0,False,m4-n22-47
m4-n22-48,4,1.3333333333333333,0.6666666666666666,1,2,83,V2,83,0,False,m4-n22-48
m4-n22-49,4,1.3333333333333333,0.6666666666666666,1,2,88,V1,88,0,False,m4-n22-49
m4-n22-50,4,2.0,0.6666666666666666,1,2,79,VA,79,0,False,m4-n22-50
m4-n22-51,4,2.0,0.6666666666666666,1,2,83,V2,83,0,False,m4-n22-51
m4-n22-52,4,2.0,0.6666666666666666,1,2,88,V1,88,0,False,m4-n22-52
m4-n22-53,4,2.6666666666666665,0.6666666666666666,1,2,79,VA,79,0,False,m4-n22-53
m4-n22-54,4,2.6666666666666665,0.6666666666666666,1,2,83,V2,83,0,False,m4-n22-54
m4-n22-55,4,2.6666666666666665,0.6666666666666666,1,2,88,V1,88,0,False,m4-n22-55
m4-n22-56,4,3.3333333333333335,0.6666666666666666,1,2,79,VA,79,0,False,m4-n22-56
m4-n22-57,4,3.3333333333333335,0.6666666666666666,1,2,83,V2,83,0,False,m4-n22-57
m4-n22-58,4,3.3333333333333335,0.6666666666666666,1,2,88,V1,88,0,False,m4-n22-58
m5-n9-59,5,0.0,0.75,2,5,40,VC,40,0,False,m5-n9-59
m5-n9-60,5,0.75,0.25,2,5,47,VC,47,0,False,m5-n9-60
m5-n9-61,5,1.0,0.5,2,5,50,VC,50,0,False,m5-n9-61
m5-n9-62,5,1.5,0.5,2,5,47,VC,47,0,False,m5-n9-62
m5-n9-63,5,2.0,0.5,2,5,50,VC,50,0,False,m5-n9-63
m5-n9-64,5,2.5,0.5,2,5,47,VC,47,0,False,m5-n9-64
m5-n9-65,5,3.0,0.5,2,5,50,VC,50,0,False,m5-n9-65
m5-n9-66,5,3.5,0.5,2,5,52,VC,52,0,False,m5-n9-66
m6-n15-67,6,1.5,0.5,1,1,71,V1,71,0,False,m6-n15-67
m6-n15-68,6,2.0,1.5,1,1,64,VA,64,0,False,m6-n15-68
m6-n15-69,6,2.0,1.5,1,1,67,V2,67,0,False,m6-n15-69
m6-n15-70,6,2.0,1.5,1,1,70,V1,70,0,False,m6-n15-70
m6-n15-71,6,3.5,0.5,1,1,71,V1,71,0,False,m6-n15-71
m6-n15-72,6,0.0,0.75,2,5,40,VC,40,0,False,m6-n15-72
m6-n15-73,6,0.75,0.25,2,5,47,VC,47,0,False,m6-n15-73
m6-n15-74,6,1.0,0.5,2,5,50,VC,50,0,False,m6-n15-74
m6-n15-75,6,1.5,0.5,2,5,47,VC,47,0,False,m6-n15-75
m6-n15-76,6,2.0,0.5,2,5,50,VC,50,0,False,m6-n15-76
m6-n15-77,6,2.5,0.5,2,5,47,VC,47,0,False,m6-n15-77
m6-n15-78,6,3.0,0.5,2,5,50,VC,50,0,False,m6-n15-78
m6-n15-79,6,3.5,0.5,2,5,52,VC,52,0,False,m6-n15-79
m7-n17-80,7,0.0,0.25,1,1,69,V1,69,0,False,m7-n17-80
m7-n17-81,7,0.25,0.25,1,1,67,V1,67,0,False,m7-n17-81
m7-n17-82,7,0.5,0.5,1,1,64,V1,64,0,False,m7-n17-82
m7-n17-83,7,3.0,0.25,1,1,71,V1,71,0,False,m7-n17-83
m7-n17-84,7,3.25,0.25,1,1,69,V1,69,0,False,m7-n17-84
m7-n17-85,7,3.5,0.25,1,1,67,V1,67,0,False,m7-n17-85
m7-n17-86,7,3.75,0.25,1,1,74,V1,74,0,False,m7-n17-86
m7-n17-87,7,0.0,0.75,2,5,40,VC,40,0,False,m7-n17-87
m7-n17-88,7,0.75,0.25,2,5,47,VC,47,0,False,m7-n17-88
m7-n17-89,7,1.0,0.5,2,5,50,VC,50,0,False,m7-n17-89
m7-n17-90,7,1.5,0.5,2,5,47,VC,47,0,False,m7-n17-90
m7-n17-91,7,2.0,0.5,2,5,50,VC,50,0,False,m7-n17-91
m7-n17-92,7,2.5,0.5,2,5,47,VC,47,0,False,m7-n17-92
m7-n17-93,7,3.0,0.5,2,5,50,VC,50,0,False,m7-n17-93
m7-n17-94,7,3.5,0.5,2,5,52,VC,52,0,False,m7-n17-94
m8-n14-95,8,0.0,0.5,1,1,74,V1,74,0,False,m7-n17-86
m8-n14-96,8,0.5,0.5,1,1,71,V1,71,0,False,m8-n14-96
m8-n14-97,8,3.0,0.5,1,1,59,V1,59,0,False,m8-n14-97
m8-n14-98,8,3.5,0.5,1,1,62,V1,62,0,False,m8-n14-98
m8-n14-99,8,0.0,0.75,2,5,40,VC,40,0,False,m8-n14-99
m8-n14-100,8,0.75,0.25,2,5,47,VC,47,0,False,m8-n14-100
m8-n14-101,8,1.0,0.5,2,5,50,VC,50,0,False,m8-n14-101
m8-n14-102,8,1.5,0.5,2,5,47,VC,47,0,False,m8-n14-102
m8-n14-103,8,2.0,0.5,2,5,50,VC,50,0,False,m8-n14-103
m8-n14-104,8,2.5,0.5,2,5,47,VC,47,0,False,m8-n14-104
m8-n14-105,8,3.0,0.5,2,5,50,VC,50,0,False,m8-n14-105
m8-n14-106,8,3.5,0.5,2,5,52,VC,52,0,False,m8-n14-106
m9-n16-107,9,0.0,0.5,1,1,64,V2,64,0,False,m9-n16-107
m9-n16-108,9,0.0,0.5,1,1,71,V1,71,0,False,m9-n16-108
m9-n16-109,9,0.5,0.25,1,1,64,V1,64,0,False,m9-n16-109
m9-n16-110,9,0.75,0.25,1,1,62,V1,62,0,False,m9-n16-110
m9-n16-111,9,1.0,1.0,1,1,64,VA,64,0,False,m9-n16-111
m9-n16-112,9,1.0,1.0,1,1,67,V2,67,0,False,m9-n16-112
m9-n16-113,9,1.0,1.0,1,1,71,V1,71,0,False,m9-n16-113
m9-n16-114,9,0.0,0.75,2,5,40,VC,40,0,False,m9-n16-114
m9-n16-115,9,0.75,0.25,2,5,47,VC,47,0,False,m9-n16-115
m9-n16-116,9,1.0,0.5,2,5,50,VC,50,0,False,m9-n16-116
m9-n16-117,9,1.5,0.5,2,5,47,VC,47,0,False,m9-n16-117
m9-n16-118,9,2.0,0.5,2,5,50,VC,50,0,False,m9-n16-118
m9-n16-119,9,2.5,0.5,2,5,47,VC,47,0,False,m9-n16-119
m9-n16-120,9,3.0,0.5,2,5,50,VC,50,0,False,m9-n16-120
m9-n16-121,9,3.5,0.5,2,5,52,VC,52,0,False,m9-n16-121
m10-n17-122,10,1.0,0.5,1,1,64,V2,64,0,False,m10-n17-122
m10-n17-123,10,1.0,0.5,1,1,67,V1,67,0,False,m10-n17-123
m10-n17-124,10,1.5,0.25,1,1,64,V1,64,0,False,m10-n17-124
m10-n17-125,10,1.75,0.25,1,1,62,V1,62,0,False,m10-n17-125
m10-n17-126,10,2.0,0.5,1,1,64,V1,64,0,False,m10-n17-126
m10-n17-127,10,2.5,0.5,1,1,64,V1,64,0,False,m10-n17-127
m10-n17-128,10,3.0,0.5,1,1,64,V1,64,0,False,m10-n17-128
m10-n17-129,10,3.5,0.5,1,1,64,V1,64,0,False,m10-n17-129
m10-n17-130,10,0.0,0.75,2,5,40,VC,40,0,False,m10-n17-130
m10-n17-131,10,0.75,0.25,2,5,47,VC,47,0,False,m10-n17-131
m10-n17-132,10,1.0,0.5,2,5,50,VC,50,0,False,m10-n17-132
m10-n17-133,10,1.5,0.5,2,5,47,VC,47,0,False,m10-n17-133
m10-n17-134,10,2.0,0.5,2,5,50,VC,50,0,False,m10-n17-134
m10-n17-135,10,2.5,0.5,2,5,47,VC,47,0,False,m10-n17-135
m10-n17-136,10,3.0,0.5,2,5,50,VC,50,0,False,m10-n17-136
m10-n17-137,10,3.5,0.5,2,5,52,VC,52,0,False,m10-n17-137
m11-n13-138,11,0.0,0.5,1,1,62,V1,62,0,False,m11-n13-138
m11-n13-139,11,0.5,0.5,1,1,54,V2,66,1,False,m11-n13-139
m11-n13-140,11,0.5,0.5,1,1,59,V1,59,0,False,m11-n13-140
m11-n13-141,11,0.0,0.75,2,5,35,VC,47,1,False,m11-n13-141
m11-n13-142,11,0.75,0.25,2,5,42,VC,42,0,False,m11-n13-142
m11-n13-143,11,1.0,0.5,2,5,45,VC,45,0,False,m11-n13-143
m11-n13-144,11,1.5,0.5,2,5,42,VC,42,0,False,m11-n13-144
m11-n13-145,11,2.0,0.5,2,5,45,VC,45,0,False,m11-n13-145
m11-n13-146,11,2.5,0.5,2,5,42,VC,42,0,False,m11-n13-146
m11-n13-147,11,3.0,0.5,2,5,45,VC,45,0,False,m11-n13-147
m11-n13-148,11,3.5,0.5,2,5,47,VC,47,0,False,m11-n13-148
m12-n13-149,12,3.5,0.5,1,1,62,V2,62,0,False,m12-n13-149
m12-n13-150,12,3.5,0.5,1,1,69,V1,69,0,False,m12-n13-150
m12-n13-151,12,0.0,0.75,2,5,35,VC,47,1,False,m12-n13-151
m12-n13-152,12,0.75,0.25,2,5,42,VC,42,0,False,m12-n13-152
m12-n13-153,12,1.0,0.5,2,5,45,VC,45,0,False,m12-n13-153
m12-n13-154,12,1.5,0.5,2,5,42,VC,42,0,False,m12-n13-154
m12-n13-155,12,2.0,0.5,2,5,45,VC,45,0,False,m12-n13-155
m12-n13-156,12,2.5,0.5,2,5,42,VC,42,0,False,m12-n13-156
m12-n13-157,12,3.0,0.5,2,5,45,VC,45,0,False,m12-n13-157
m12-n13-158,12,3.5,0.5,2,5,47,VC,47,0,False,m12-n13-158
m13-n21-159,13,0.0,0.5,1,1,64,V2,64,0,False,m13-n21-159
m13-n21-160,13,0.0,0.5,1,1,71,V1,71,0,False,m13-n21-160
m13-n21-161,13,0.5,0.5,1,1,62,V2,62,0,False,m13-n21-161
m13-n21-162,13,0.5,0.5,1,1,69,V1,69,0,False,m13-n21-162
m13-n21-163,13,1.0,0.5,1,1,62,V2,62,0,False,m13-n21-163
m13-n21-164,13,1.0,0.5,1,1,69,V1,69,0,False,m13-n21-164
m13-n21-165,13,1.5,0.25,1,1,59,V1,59,0,False,m13-n21-165
m13-n21-166,13,1.75,0.25,1,1,62,V2,62,0,False,m13-n21-166
m13-n21-167,13,1.75,0.25,1,1,69,V1,69,0,False,m13-n21-167
m13-n21-168,13,3.0,0.5,1,1,59,V1,59,0,False,m13-n21-168
m13-n21-169,13,3.5,0.5,1,1,62,V2,62,0,False,m13-n21-169
m13-n21-170,13,3.5,0.5,1,1,69,V1,69,0,False,m13-n21-170
m13-n21-171,13,0.0,0.75,2,5,33,VC,45,1,False,m13-n21-171
m13-n21-172,13,0.75,0.25,2,5,40,VC,40,0,False,m13-n21-172
m13-n21-173,13,1.0,0.5,2,5,43,VC,43,0,False,m13-n21-173
m13-n21-174,13,1.5,0.5,2,5,40,VC,40,0,False,m13-n21-174
m13-n21-175,13,2.0,0.5,2,5,43,VC,43,0,False,m13-n21-175
m13-n21-176,13,2.5,0.5,2,5,40,VC,40,0,False,m13-n21-176
m13-n21-177,13,3.0,0.5,2,5,43,VC,43,0,False,m13-n21-177
m13-n21-178,13,3.5,0.5,2,5,45,VC,45,0,False,m13-n21-178
m14-n20-179,14,0.0,0.5,1,1,64,V2,64,0,False,m14-n20-179
m14-n20-180,14,0.0,0.5,1,1,71,V1,71,0,False,m14-n20-180
m14-n20-181,14,0.5,0.5,1,1,62,V2,62,0,False,m14-n20-181
m14-n20-182,14,0.5,0.5,1,1,69,V1,69,0,False,m14-n20-182
m14-n20-183,14,1.0,0.5,1,1,62,V2,62,0,False,m14-n20-183
m14-n20-184,14,1.0,0.5,1,1,69,V1,69,0,False,m14-n20-184
m14-n20-185,14,1.5,0.25,1,1,59,V1,59,0,False,m14-n20-185
m14-n20-186,14,1.75,0.25,1,1,62,V1,62,0,False,m14-n20-186
m14-n20-187,14,2.5,0.5,1,1,59,V1,59,0,False,m14-n20-187
m14-n20-188,14,3.0,0.5,1,1,59,V1,59,0,False,m14-n20-188
m14-n20-189,14,3.5,0.5,1,1,59,V1,59,0,False,m14-n20-189
m14-n20-190,14,0.0,0.75,2,5,35,VC,47,1,False,m14-n20-190
m14-n20-191,14,0.75,0.25,2,5,42,VC,42,0,False,m14-n20-191
m14-n20-192,14,1.0,0.5,2,5,45,VC,45,0,False,m14-n20-192
m14-n20-193,14,1.5,0.5,2,5,42,VC,42,0,False,m14-n20-193
m14-n20-194,14,2.0,0.5,2,5,45,VC,45,0,False,m14-n20-194
m14-n20-195,14,2.5,0.5,2,5,42,VC,42,0,False,m14-n20-195
m14-n20-196,14,3.0,0.5,2,5,45,VC,45,0,False,m14-n20-196
m14-n20-197,14,3.5,0.5,2,5,47,VC,47,0,False,m14-n20-197
m15-n17-198,15,0.0,0.25,1,1,57,V1,57,0,False,m15-n17-198
m15-n17-199,15,0.25,0.25,1,1,55,V1,55,0,False,m15-n17-199
m15-n17-200,15,0.5,0.5,1,1,52,V1,64,1,False,m15-n17-200
m15-n17-201,15,1.5,0.5,1,1,71,V1,71,0,False,m15-n17-201
m15-n17-202,15,2.0,1.5,1,1,64,VA,64,0,False,m15-n17-202
m15-n17-203,15,2.0,1.5,1,1,67,V2,67,0,False,m15-n17-203
m15-n17-204,15,2.0,1.5,1,1,70,V1,70,0,False,m15-n17-204
m15-n17-205,15,3.5,0.5,1,1,71,V1,71,0,False,m15-n17-205
m15-n17-206,15,0.0,0.75,2,5,40,VC,40,0,False,m15-n17-206
m15-n17-207,15,0.75,0.25,2,5,47,VC,47,0,False,m15-n17-207
m15-n17-208,15,1.0,0.5,2,5,50,VC,50,0,False,m15-n17-208
m15-n17-209,15,1.5,0.5,2,5,47,VC,47,0,False,m15-n17-209
m15-n17-210,15,2.0,0.5,2,5,50,VC,50,0,False,m15-n17-210
m15-n17-211,15,2.5,0.5,2,5,47,VC,47,0,False,m15-n17-211
m15-n17-212,15,3.0,0.5,2,5,50,VC,50,0,False,m15-n17-212
m15-n17-213,15,3.5,0.5,2,5,52,VC,52,0,False,m15-n17-213
m16-n20-214,16,3.0,0.5,1,1,59,V1,59,0,False,m16-n20-214
m16-n20-215,16,3.5,0.5,1,1,62,V2,62,0,False,m16-n20-215
m16-n20-216,16,3.5,0.5,1,1,69,V1,69,0,False,m16-n20-216
m16-n20-217,16,0.0,0.5,2,5,40,VC,40,0,False,m16-n20-217
m16-n20-218,16,0.5,0.25,2,5,52,VC,52,0,False,m16-n20-218
m16-n20-219,16,0.75,0.25,2,5,50,VC,50,0,False,m16-n20-219
m16-n20-220,16,1.0,0.25,2,5,52,VC,52,0,False,m16-n20-220
m16-n20-221,16,1.25,0.25,2,5,50,VC,50,0,False,m16-n20-221
m16-n20-222,16,1.5,0.25,2,5,47,VC,47,0,False,m16-n20-222
m16-n20-223,16,1.75,0.25,2,5,50,VC,50,0,False,m16-n20-223
m16-n20-224,16,2.0,0.25,2,5,52,VC,52,0,False,m16-n20-224
m16-n20-225,16,2.25,0.25,2,5,50,VC,50,0,False,m16-n20-225
m16-n20-226,16,2.5,0.25,2,5,52,VC,52,0,False,m16-n20-226
m16-n20-227,16,2.75,0.25,2,5,50,VC,50,0,False,m16-n20-227
m16-n20-228,16,3.0,0.25,2,5,52,VC,52,0,False,m16-n20-228
m16-n20-229,16,3.25,0.25,2,5,50,VC,50,0,False,m16-n20-229
m16-n20-230,16,3.5,0.25,2,5,47,VC,47,0,False,m16-n20-230
m16-n20-231,16,3.75,0.25,2,5,50,VC,50,0,False,m16-n20-231
m17-n17-232,17,0.0,0.25,1,1,64,V2,64,0,False,m17-n17-232
m17-n17-233,17,0.0,0.25,1,1,67,V1,67,0,False,m17-n17-233
m17-n17-234,17,0.25,0.25,1,1,64,V2,64,0,False,m17-n17-234
m17-n17-235,17,0.25,0.25,1,1,67,V1,67,0,False,m17-n17-235
m17-n17-236,17,0.5,0.5,1,1,64,V2,64,0,False,m17-n17-236
m17-n17-237,17,0.5,0.5,1,1,67,V1,67,0,False,m17-n17-237
m17-n17-238,17,1.0,1.0,1,1,64,V2,64,0,False,m17-n17-238
m17-n17-239,17,1.0,1.0,1,1,67,V1,67,0,False,m17-n17-239
m17-n17-240,17,0.0,0.75,2,5,40,VC,40,0,False,m17-n17-240
m17-n17-241,17,0.75,0.25,2,5,47,VC,47,0,False,m17-n17-241
m17-n17-242,17,1.0,0.5,2,5,50,VC,50,0,False,m17-n17-242
m17-n17-243,17,1.5,0.5,2,5,47,VC,47,0,False,m17-n17-243
m17-n17-244,17,2.0,0.5,2,5,50,VC,50,0,False,m17-n17-244
m17-n17-245,17,2.5,0.5,2,5,47,VC,47,0,False,m17-n17-245
m17-n17-246,17,3.0,0.5,2,5,50,VC,50,0,False,m17-n17-246
m17-n17-247,17,3.5,0.5,2,5,52,VC,52,0,False,m17-n17-247
m18-n23-248,18,1.0,0.25,1,1,64,V2,64,0,False,m18-n23-248
m18-n23-249,18,1.0,0.25,1,1,67,V1,67,0,False,m18-n23-249
m18-n23-250,18,1.25,0.25,1,1,64,V2,64,0,False,m18-n23-250
m18-n23-251,18,1.25,0.25,1,1,67,V1,67,0,False,m18-n23-251
m18-n23-252,18,1.5,0.5,1,1,64,V2,64,0,False,m18-n23-252
m18-n23-253,18,1.5,0.5,1,1,67,V1,67,0,False,m18-n23-253
m18-n23-254,18,2.0,0.5,1,1,64,V2,64,0,False,m18-n23-254
m18-n23-255,18,2.0,0.5,1,1,67,V1,67,0,False,m18-n23-255
m18-n23-256,18,2.5,0.5,1,1,64,V2,64,0,False,m18-n23-256
m18-n23-257,18,2.5,0.5,1,1,67,V1,67,0,False,m18-n23-257
m18-n23-258,18,3.0,0.5,1,1,64,V2,64,0,False,m18-n23-258
m18-n23-259,18,3.0,0.5,1,1,67,V1,67,0,False,m18-n23-259
m18-n23-260,18,3.5,0.5,1,1,62,V2,62,0,False,m18-n23-260
m18-n23-261,18,3.5,0.5,1,1,66,V1,66,0,False,m18-n23-261
m18-n23-262,18,0.0,0.75,2,5,40,VC,40,0,False,m18-n23-262
m18-n23-263,18,0.75,0.25,2,5,47,VC,47,0,False,m18-n23-263
m18-n23-264,18,1.0,0.5,2,5,50,VC,50,0,False,m18-n23-264
m18-n23-265,18,1.5,0.5,2,5,47,VC,47,0,False,m18-n23-265
m18-n23-266,18,2.0,0.5,2,5,50,VC,50,0,False,m18-n23-266
m18-n23-267,18,2.5,0.5,2,5,47,VC,47,0,False,m18-n23-267
m18-n23-268,18,3.0,0.5,2,5,50,VC,50,0,False,m18-n23-268
m18-n23-269,18,3.5,0.5,2,5,52,VC,52,0,False,m18-n23-269
m19-n15-270,19,0.0,0.5,1,1,62,V2,62,0,False,m18-n23-260
m19-n15-271,19,0.5,0.5,1,1,59,V1,59,0,False,m19-n15-271
m19-n15-272,19,1.0,0.5,1,1,59,V1,59,0,False,m19-n15-272
m19-n15-273,19,1.5,0.5,1,1,59,V1,59,0,False,m19-n15-273
m19-n15-274,19,2.0,0.5,1,1,59,V1,59,0,False,m19-n15-274
m19-n15-275,19,2.5,0.5,1,1,62,V1,62,0,False,m19-n15-275
m19-n15-276,19,0.0,0.75,2,5,35,VC,47,1,False,m19-n15-276
m19-n15-277,19,0.75,0.25,2,5,42,VC,42,0,False,m19-n15-277
m19-n15-278,19,1.0,0.5,2,5,45,VC,45,0,False,m19-n15-278
m19-n15-279,19,1.5,0.5,2,5,42,VC,42,0,False,m19-n15-279
m19-n15-280,19,2.0,0.5,2,5,45,VC,45,0,False,m19-n15-280
m19-n15-281,19,2.5,0.5,2,5,42,VC,42,0,False,m19-n15-281
m19-n15-282,19,3.0,0.5,2,5,45,VC,45,0,False,m19-n15-282
m19-n15-283,19,3.5,0.5,2,5,47,VC,47,0,False,m19-n15-283
m20-n9-284,20,0.0,0.75,2,5,35,VC,47,1,False,m20-n9-284
m20-n9-285,20,0.75,0.25,2,5,42,VC,42,0,False,m20-n9-285
m20-n9-286,20,1.0,0.5,2,5,45,VC,45,0,False,m20-n9-286
m20-n9-287,20,1.5,0.5,2,5,42,VC,42,0,False,m20-n9-287
m20-n9-288,20,2.0,0.5,2,5,45,VC,45,0,False,m20-n9-288
m20-n9-289,20,2.5,0.5,2,5,42,VC,42,0,False,m20-n9-289
m20-n9-290,20,3.0,0.5,2,5,45,VC,45,0,False,m20-n9-290
m20-n9-291,20,3.5,0.5,2,5,47,VC,47,0,False,m20-n9-291
m21-n21-292,21,0.0,0.5,1,1,64,V2,64,0,False,m21-n21-292
m21-n21-293,21,0.0,0.5,1,1,67,V1,67,0,False,m21-n21-293
m21-n21-294,21,0.5,0.5,1,1,62,V2,62,0,False,m21-n21-294
m21-n21-295,21,0.5,0.5,1,1,67,V1,67,0,False,m21-n21-295
m21-n21-296,21,1.0,0.5,1,1,62,V2,62,0,False,m21-n21-296
m21-n21-297,21,1.0,0.5,1,1,67,V1,67,0,False,m21-n21-297
m21-n21-298,21,1.5,0.25,1,1,59,V1,59,0,False,m21-n21-298
m21-n21-299,21,1.75,0.25,1,1,62,V2,62,0,False,m21-n21-299
m21-n21-300,21,1.75,0.25,1,1,67,V1,67,0,False,m21-n21-300
m21-n21-301,21,3.0,0.5,1,1,59,V1,59,0,False,m21-n21-301
m21-n21-302,21,3.5,0.5,1,1,62,V2,62,0,False,m21-n21-302
m21-n21-303,21,3.5,0.5,1,1,69,V1,69,0,False,m21-n21-303
m21-n21-304,21,0.0,0.75,2,5,33,VC,45,1,False,m21-n21-304
m21-n21-305,21,0.75,0.25,2,5,40,VC,40,0,False,m21-n21-305
m21-n21-306,21,1.0,0.5,2,5,43,VC,43,0,False,m21-n21-306
m21-n21-307,21,1.5,0.5,2,5,40,VC,40,0,False,m21-n21-307
m21-n21-308,21,2.0,0.5,2,5,43,VC,43,0,False,m21-n21-308
m21-n21-309,21,2.5,0.5,2,5,40,VC,40,0,False,m21-n21-309
m21-n21-310,21,3.0,0.5,2,5,43,VC,43,0,False,m21-n21-310
m21-n21-311,21,3.5,0.5,2,5,45,VC,45,0,False,m21-n21-311
m22-n20-312,22,0.0,0.5,1,1,64,V2,64,0,False,m22-n20-312
m22-n20-313,22,0.0,0.5,1,1,71,V1,71,0,False,m22-n20-313
m22-n20-314,22,0.5,0.5,1,1,62,V2,62,0,False,m22-n20-314
m22-n20-315,22,0.5,0.5,1,1,69,V1,69,0,False,m22-n20-315
m22-n20-316,22,1.0,0.5,1,1,62,V2,62,0,False,m22-n20-316
m22-n20-317,22,1.0,0.5,1,1,69,V1,69,0,False,m22-n20-317
m22-n20-318,22,1.5,0.25,1,1,59,V1,59,0,False,m22-n20-318
m22-n20-319,22,1.75,0.25,1,1,62,V2,62,0,False,m22-n20-319
m22-n20-320,22,1.75,0.25,1,1,69,V1,69,0,False,m22-n20-320
m22-n20-321,22,3.5,0.5,1,1,59,V1,59,0,False,m22-n20-321
m22-n20-322,22,0.0,0.75,2,5,35,VC,47,1,False,m22-n20-322
m22-n20-323,22,0.75,0.25,2,5,42,VC,42,0,False,m22-n20-323
m22-n20-324,22,1.0,0.5,2,5,45,VC,45,0,False,m22-n20-324
m22-n20-325,22,1.5,0.5,2,5,42,VC,42,0,False,m22-n20-325
m22-n20-326,22,2.0,0.5,2,5,45,VC,45,0,False,m22-n20-326
m22-n20-327,22,2.5,0.5,2,5,42,VC,42,0,False,m22-n20-327
m22-n20-328,22,3.0,0.5,2,5,45,VC,45,0,False,m22-n20-328
m22-n20-329,22,3.5,0.5,2,5,47,VC,47,0,False,m22-n20-329
m23-n22-330,23,0.0,0.5,1,1,64,V1,64,0,False,m23-n22-330
m23-n22-331,23,0.5,0.5,1,1,62,V1,62,0,False,m23-n22-331
m23-n22-332,23,1.0,0.25,1,1,59,V2,59,0,False,m23-n22-332
m23-n22-333,23,1.0,0.25,1,1,62,V1,62,0,False,m23-n22-333
m23-n22-334,23,1.25,0.25,1,1,57,V1,57,0,False,m23-n22-334
m23-n22-335,23,1.5,0.25,1,1,55,V2,55,0,False,m23-n22-335
m23-n22-336,23,1.5,0.25,1,1,59,V1,59,0,False,m23-n22-336
m23-n22-337,23,1.75,0.25,1,1,62,V1,62,0,False,m23-n22-337
m23-n22-338,23,2.0,0.5,1,1,62,V1,62,0,False,m23-n22-337
m23-n22-339,23,2.5,0.5,1,1,59,V1,59,0,False,m23-n22-339
m23-n22-340,23,3.0,0.25,1,1,71,V1,71,0,False,m23-n22-340
m23-n22-341,23,3.25,0.25,1,1,69,V1,69,0,False,m23-n22-341
m23-n22-342,23,3.5,0.25,1,1,67,V1,67,0,False,m23-n22-342
m23-n22-343,23,3.75,0.25,1,1,74,V1,74,0,False,m23-n22-343
m23-n22-344,23,0.0,1.0,2,5,36,VC,36,0,False,m23-n22-344
m23-n22-345,23,0.0,1.0,2,5,48,VA,48,0,False,m23-n22-345
m23-n22-346,23,1.0,1.0,2,5,36,VC,36,0,False,m23-n22-346
m23-n22-347,23,1.0,1.0,2,5,48,VA,48,0,False,m23-n22-347
m23-n22-348,23,2.0,1.0,2,5,36,VC,36,0,False,m23-n22-348
m23-n22-349,23,2.0,1.0,2,5,48,VA,48,0,False,m23-n22-349
m23-n22-350,23,3.0,1.0,2,5,36,VC,36,0,False,m23-n22-350
m23-n22-351,23,3.0,1.0,2,5,48,VA,48,0,False,m23-n22-351
m24-n22-352,24,0.0,0.5,1,1,74,V1,74,0,False,m23-n22-343
m24-n22-353,24,0.0,0.5,1,1,76,V1,76,0,False,m24-n22-353
m24-n22-354,24,0.5,0.5,1,1,71,V2,71,0,False,m24-n22-354
m24-n22-355,24,0.5,0.5,1,1,74,V1,74,0,False,m24-n22-355
m24-n22-356,24,1.0,0.5,1,1,74,V1,74,0,False,m24-n22-356
m24-n22-357,24,1.5,0.25,1,1,76,V1,76,0,False,m24-n22-357
m24-n22-358,24,1.75,0.25,1,1,67,V2,67,0,False,m24-n22-358
m24-n22-359,24,1.75,0.25,1,1,71,V1,71,0,False,m24-n22-359
m24-n22-360,24,2.0,0.5,1,1,67,V2,67,0,False,m24-n22-358
m24-n22-361,24,2.0,0.5,1,1,71,V1,71,0,False,m24-n22-359
m24-n22-362,24,2.5,0.5,1,1,71,V1,71,0,False,m24-n22-362
m24-n22-363,24,3.0,0.25,1,1,69,V1,69,0,False,m24-n22-363
m24-n22-364,24,3.25,0.25,1,1,67,V1,67,0,False,m24-n22-364
m24-n22-365,24,3.5,0.5,1,1,64,V1,64,0,False,m24-n22-365
m24-n22-366,24,0.0,1.0,2,5,38,VC,38,0,False,m24-n22-366
m24-n22-367,24,0.0,1.0,2,5,50,VA,50,0,False,m24-n22-367
m24-n22-368,24,1.0,1.0,2,5,38,VC,38,0,False,m24-n22-368
m24-n22-369,24,1.0,1.0,2,5,50,VA,50,0,False,m24-n22-369
m24-n22-370,24,2.0,1.0,2,5,38,VC,38,0,False,m24-n22-370
m24-n22-371,24,2.0,1.0,2,5,50,VA,50,0,False,m24-n22-371
m24-n22-372,24,3.0,1.0,2,5,38,VC,38,0,False,m24-n22-372
m24-n22-373,24,3.0,1.0,2,5,50,VA,50,0,False,m24-n22-373
m25-n23-374,25,0.0,3.0,1,1,74,VA,74,0,False,m25-n23-374
m25-n23-375,25,0.0,3.0,1,1,81,V2,81,0,False,m25-n23-375
m25-n23-376,25,0.0,3.0,1,1,86,V1,86,0,False,m25-n23-376
m25-n23-377,25,3.0,0.5,1,1,76,VA,76,0,False,m25-n23-377
m25-n23-378,25,3.0,0.5,1,1,83,V2,83,0,False,m25-n23-378
m25-n23-379,25,3.0,0.5,1,1,88,V1,88,0,False,m25-n23-379
m25-n23-380,25,3.5,0.5,1,1,64,VA,64,0,False,m25-n23-380
m25-n23-381,25,3.5,0.5,1,1,67,VA,67,0,False,m25-n23-381
m25-n23-382,25,3.5,0.5,1,1,71,V2,71,0,False,m25-n23-382
m25-n23-383,25,3.5,0.5,1,1,76,V1,76,0,False,m25-n23-383
m25-n23-384,25,0.0,1.0,2,5,38,VC,38,0,False,m25-n23-384
m25-n23-385,25,0.0,1.0,2,5,42,VC,42,0,False,m25-n23-385
m25-n23-386,25,0.0,1.0,2,5,45,VC,45,0,False,m25-n23-386
m25-n23-387,25,2.0,0.5,2,5,50,VC,50,0,False,m25-n23-387
m25-n23-388,25,2.0,0.5,2,5,62,V2,62,0,False,m25-n23-388
m25-n23-389,25,2.5,0.5,2,5,50,VC,50,0,False,m25-n23-389
m25-n23-390,25,2.5,0.5,2,5,62,V2,62,0,False,m25-n23-390
m25-n23-391,25,3.0,0.5,2,5,52,VC,52,0,False,m25-n23-391
m25-n23-392,25,3.0,0.5,2,5,64,V2,64,0,False,m25-n23-392
m25-n23-393,25,3.5,0.5,2,5,55,VC,55,0,False,m25-n23-393
m25-n23-394,25,3.5,0.5,2,5,62,VA,62,0,False,m25-n23-394
m25-n23-395,25,3.5,0.5,2,5,67,V2,67,0,False,m25-n23-395
m26-n12-396,26,0.0,4.0,1,1,64,VA,64,0,False,m25-n23-380
m26-n12-397,26,0.0,4.0,1,1,67,VA,67,0,False,m25-n23-381
m26-n12-398,26,0.0,4.0,1,1,71,V2,71,0,False,m25-n23-382
m26-n12-399,26,0.0,4.0,1,1,76,V1,76,0,False,m25-n23-383
m26-n12-400,26,0.0,0.5,2,5,55,VC,55,0,False,m25-n23-393
m26-n12-401,26,0.0,0.5,2,5,62,VA,62,0,False,m25-n23-394
m26-n12-402,26,0.0,0.5,2,5,67,V2,67,0,False,m25-n23-395
m26-n12-403,26,0.5,1.5,2,5,52,VC,52,0,False,m26-n12-403
m26-n12-404,26,0.5,1.5,2,5,55,VA,55,0,False,m26-n12-404
m26-n12-405,26,0.5,1.5,2,5,59,VA,59,0,False,m26-n12-405
m26-n12-406,26,0.5,1.5,2,5,64,V2,64,0,False,m26-n12-406
m27-n24-407,27,0.0,3.0,1,1,74,VA,74,0,False,m27-n24-407
m27-n24-408,27,0.0,3.0,1,1,81,V2,81,0,False,m27-n24-408
m27-n24-409,27,0.0,3.0,1,1,86,V1,86,0,False,m27-n24-409
m27-n24-410,27,3.0,0.5,1,1,76,VA,76,0,False,m27-n24-410
m27-n24-411,27,3.0,0.5,1,1,79,VA,79,0,False,m27-n24-411
m27-n24-412,27,3.0,0.5,1,1,83,V2,83,0,False,m27-n24-412
m27-n24-413,27,3.0,0.5,1,1,88,V1,88,0,False,m27-n24-413
m27-n24-414,27,3.5,0.5,1,1,64,VA,64,0,False,m27-n24-414
m27-n24-415,27,3.5,0.5,1,1,67,VA,67,0,False,m27-n24-415
m27-n24-416,27,3.5,0.5,1,1,71,V2,71,0,False,m27-n24-416
m27-n24-417,27,3.5,0.5,1,1,76,V1,76,0,False,m27-n24-417
m27-n24-418,27,0.0,1.0,2,5,38,VC,38,0,False,m27-n24-418
m27-n24-419,27,0.0,1.0,2,5,42,VC,42,0,False,m27-n24-419
m27-n24-420,27,0.0,1.0,2,5,45,VC,45,0,False,m27-n24-420
m27-n24-421,27,2.0,0.5,2,5,50,VC,50,0,False,m27-n24-421
m27-n24-422,27,2.0,0.5,2,5,62,V2,62,0,False,m27-n24-422
m27-n24-423,27,2.5,0.5,2,5,52,VC,52,0,False,m27-n24-423
m27-n24-424,27,2.5,0.5,2,5,64,V2,64,0,False,m27-n24-424
m27-n24-425,27,3.0,0.5,2,5,55,VC,55,0,False,m27-n24-425
m27-n24-426,27,3.0,0.5,2,5,67,V2,67,0,False,m27-n24-426
m27-n24-427,27,3.5,0.5,2,5,52,VC,52,0,False,m27-n24-427
m27-n24-428,27,3.5,0.5,2,5,55,VA,55,0,False,m27-n24-428
m27-n24-429,27,3.5,0.5,2,5,59,VA,59,0,False,m27-n24-429
m28-n20-430,28,0.0,0.5,1,1,64,VA,64,0,False,m27-n24-414
m28-n20-431,28,0.0,0.5,1,1,67,VA,67,0,False,m27-n24-415
m28-n20-432,28,0.0,0.5,1,1,71,V2,71,0,False,m27-n24-416
m28-n20-433,28,0.0,0.5,1,1,76,V1,76,0,False,m27-n24-417
m28-n20-434,28,0.5,0.5,1,1,59,VA,59,0,False,m28-n20-434
m28-n20-435,28,0.5,0.5,1,1,64,V2,64,0,False,m28-n20-435
m28-n20-436,28,0.5,0.5,1,1,67,V1,67,0,False,m28-n20-436
m28-n20-437,28,1.5,0.5,1,1,59,VA,59,0,False,m28-n20-437
m28-n20-438,28,1.5,0.5,1,1,64,V2,64,0,False,m28-n20-438
m28-n20-439,28,1.5,0.5,1,1,67,V1,67,0,False,m28-n20-439
m28-n20-440,28,2.5,0.5,1,1,59,VA,59,0,False,m28-n20-440
m28-n20-441,28,2.5,0.5,1,1,64,V2,64,0,False,m28-n20-441
m28-n20-442,28,2.5,0.5,1,1,67,V1,67,0,False,m28-n20-442
m28-n20-443,28,0.0,2.0,2,5,52,VC,52,0,False,m27-n24-427
m28-n20-444,28,0.0,2.0,2,5,55,VA,55,0,False,m27-n24-428
m28-n20-445,28,0.0,2.0,2,5,59,VA,59,0,False,m27-n24-429
m29-n24-446,29,0.0,3.0,1,1,74,VA,74,0,False,m29-n24-446
m29-n24-447,29,0.0,3.0,1,1,81,V2,81,0,False,m29-n24-447
m29-n24-448,29,0.0,3.0,1,1,86,V1,86,0,False,m29-n24-448
m29-n24-449,29,3.0,0.5,1,1,76,VA,76,0,False,m29-n24-449
m29-n24-450,29,3.0,0.5,1,1,83,V2,83,0,False,m29-n24-450
m29-n24-451,29,3.0,0.5,1,1,88,V1,88,0,False,m29-n24-451
m29-n24-452,29,3.5,0.5,1,1,64,VA,64,0,False,m29-n24-452
m29-n24-453,29,3.5,0.5,1,1,67,VA,67,0,False,m29-n24-453
m29-n24-454,29,3.5,0.5,1,1,71,V2,71,0,False,m29-n24-454
m29-n24-455,29,3.5,0.5,1,1,76,V1,76,0,False,m29-n24-455
m29-n24-456,29,0.0,1.0,2,5,38,VC,38,0,False,m29-n24-456
m29-n24-457,29,0.0,1.0,2,5,42,VC,42,0,False,m29-n24-457
m29-n24-458,29,0.0,1.0,2,5,45,VC,45,0,False,m29-n24-458
m29-n24-459,29,2.0,0.5,2,5,50,VC,50,0,False,m29-n24-459
m29-n24-460,29,2.0,0.5,2,5,62,V2,62,0,False,m29-n24-460
m29-n24-461,29,2.5,0.5,2,5,50,VC,50,0,False,m29-n24-461
m29-n24-462,29,2.5,0.5,2,5,62,V2,62,0,False,m29-n24-462
m29-n24-463,29,3.0,0.5,2,5,52,VC,52,0,False,m29-n24-463
m29-n24-464,29,3.0,0.5,2,5,59,VA,59,0,False,m29-n24-464
m29-n24-465,29,3.0,0.5,2,5,64,V2,64,0,False,m29-n24-465
m29-n24-466,29,3.5,0.5,2,5,55,VC,55,0,False,m29-n24-466
m29-n24-467,29,3.5,0.5,2,5,62,VA,62,0,False,m29-n24-467
m29-n24-468,29,3.5,0.5,2,5,67,V2,67,0,False,m29-n24-468
m30-n12-469,30,0.0,4.0,1,1,64,VA,64,0,False,m29-n24-452
m30-n12-470,30,0.0,4.0,1,1,67,VA,67,0,False,m29-n24-453
m30-n12-471,30,0.0,4.0,1,1,71,V2,71,0,False,m29-n24-454
m30-n12-472,30,0.0,4.0,1,1,76,V1,76,0,False,m29-n24-455
m30-n12-473,30,0.0,0.5,2,5,55,VC,55,0,False,m29-n24-466
m30-n12-474,30,0.0,0.5,2,5,62,VA,62,0,False,m29-n24-467
m30-n12-475,30,0.0,0.5,2,5,67,V2,67,0,False,m29-n24-468
m30-n12-476,30,0.5,1.5,2,5,52,VC,52,0,False,m30-n12-476
m30-n12-477,30,0.5,1.5,2,5,55,VA,55,0,False,m30-n12-477
m30-n12-478,30,0.5,1.5,2,5,59,VA,59,0,False,m30-n12-478
m30-n12-479,30,0.5,1.5,2,5,64,V2,64,0,False,m30-n12-479
m31-n24-480,31,0.0,3.0,1,1,74,VA,74,0,False,m31-n24-480
m31-n24-481,31,0.0,3.0,1,1,81,V2,81,0,False,m31-n24-481
m31-n24-482,31,0.0,3.0,1,1,86,V1,86,0,False,m31-n24-482
m31-n24-483,31,3.0,0.5,1,1,76,VA,76,0,False,m31-n24-483
m31-n24-484,31,3.0,0.5,1,1,79,VA,79,0,False,m31-n24-484
m31-n24-485,31,3.0,0.5,1,1,83,V2,83,0,False,m31-n24-485
m31-n24-486,31,3.0,0.5,1,1,88,V1,88,0,False,m31-n24-486
m31-n24-487,31,3.5,0.5,1,1,64,VA,64,0,False,m31-n24-487
m31-n24-488,31,3.5,0.5,1,1,67,VA,67,0,False,m31-n24-488
m31-n24-489,31,3.5,0.5,1,1,71,V2,71,0,False,m31-n24-489
m31-n24-490,31,3.5,0.5,1,1,76,V1,76,0,False,m31-n24-490
m31-n24-491,31,0.0,1.0,2,5,38,VC,38,0,False,m31-n24-491
m31-n24-492,31,0.0,1.0,2,5,42,VC,42,0,False,m31-n24-492
m31-n24-493,31,0.0,1.0,2,5,45,VC,45,0,False,m31-n24-493
m31-n24-494,31,2.0,0.5,2,5,50,VC,50,0,False,m31-n24-494
m31-n24-495,31,2.0,0.5,2,5,62,V2,62,0,False,m31-n24-495
m31-n24-496,31,2.5,0.5,2,5,52,VC,52,0,False,m31-n24-496
m31-n24-497,31,2.5,0.5,2,5,64,V2,64,0,False,m31-n24-497
m31-n24-498,31,3.0,0.5,2,5,55,VC,55,0,False,m31-n24-498
m31-n24-499,31,3.0,0.5,2,5,67,V2,67,0,False,m31-n24-499
m31-n24-500,31,3.5,0.5,2,5,52,VC,52,0,False,m31-n24-500
m31-n24-501,31,3.5,0.5,2,5,55,VA,55,0,False,m31-n24-501
m31-n24-502,31,3.5,0.5,2,5,59,VA,59,0,False,m31-n24-502
m32-n18-503,32,0.0,0.5,1,1,64,VA,64,0,False,m31-n24-487
m32-n18-504,32,0.0,0.5,1,1,67,VA,67,0,False,m31-n24-488
m32-n18-505,32,0.0,0.5,1,1,71,V2,71,0,False,m31-n24-489
m32-n18-506,32,0.0,0.5,1,1,76,V1,76,0,False,m31-n24-490
m32-n18-507,32,0.5,0.5,1,1,59,VA,59,0,False,m32-n18-507
m32-n18-508,32,0.5,0.5,1,1,64,V2,64,0,False,m32-n18-508
m32-n18-509,32,0.5,0.5,1,1,67,V1,67,0,False,m32-n18-509
m32-n18-510,32,1.5,0.5,1,1,59,VA,59,0,False,m32-n18-510
m32-n18-511,32,1.5,0.5,1,1,64,V2,64,0,False,m32-n18-511
m32-n18-512,32,1.5,0.5,1,1,67,V1,67,0,False,m32-n18-512
m32-n18-513,32,3.0,0.5,1,1,62,V1,62,0,False,m32-n18-513
m32-n18-514,32,3.5,0.5,1,1,62,V1,62,0,False,m32-n18-514
m32-n18-515,32,0.0,2.0,2,5,52,VC,52,0,False,m31-n24-500
m32-n18-516,32,0.0,2.0,2,5,55,VA,55,0,False,m31-n24-501
m32-n18-517,32,0.0,2.0,2,5,59,VA,59,0,False,m31-n24-502
m33-n19-518,33,0.0,3.0,1,1,78,VA,78,0,False,m33-n19-518
m33-n19-519,33,0.0,3.0,1,1,81,V2,81,0,False,m33-n19-519
m33-n19-520,33,0.0,3.0,1,1,90,V1,90,0,False,m33-n19-520
m33-n19-521,33,3.0,0.5,1,1,79,V2,79,0,False,m33-n19-521
m33-n19-522,33,3.0,0.5,1,1,91,V1,91,0,False,m33-n19-522
m33-n19-523,33,3.5,0.5,1,1,76,V2,76,0,False,m33-n19-523
m33-n19-524,33,3.5,0.5,1,1,88,V1,88,0,False,m33-n19-524
m33-n19-525,33,0.0,0.5,2,5,71,VA,71,0,False,m33-n19-525
m33-n19-526,33,0.0,0.5,2,5,74,V2,74,0,False,m33-n19-526
m33-n19-527,33,0.5,0.5,2,5,71,VA,71,0,False,m33-n19-527
m33-n19-528,33,0.5,0.5,2,5,74,V2,74,0,False,m33-n19-528
m33-n19-529,33,1.0,0.5,2,5,71,VA,71,0,False,m33-n19-529
m33-n19-530,33,1.0,0.5,2,5,74,V2,74,0,False,m33-n19-530
m33-n19-531,33,1.5,0.5,2,5,71,VA,71,0,False,m33-n19-531
m33-n19-532,33,1.5,0.5,2,5,74,V2,74,0,False,m33-n19-532
m33-n19-533,33,2.0,1.0,2,5,71,VA,71,0,False,m33-n19-533
m33-n19-534,33,2.0,1.0,2,5,74,V2,74,0,False,m33-n19-534
m33-n19-535,33,3.0,0.5,2,5,69,VA,69,0,False,m33-n19-535
m33-n19-536,33,3.5,0.5,2,5,72,VA,72,0,False,m33-n19-536
m34-n7-537,34,0.0,4.0,1,1,76,V2,76,0,False,m33-n19-523
m34-n7-538,34,0.0,4.0,1,1,88,V1,88,0,False,m33-n19-524
m34-n7-539,34,0.0,0.5,2,5,72,VA,72,0,False,m33-n19-536
m34-n7-540,34,0.5,1.0,2,5,71,VA,71,0,False,m34-n7-540
m34-n7-541,34,1.5,1.0,2,5,67,VA,67,0,False,m34-n7-541
m34-n7-542,34,2.5,1.0,2,5,69,VA,69,0,False,m34-n7-542
m34-n7-543,34,3.5,0.5,2,5,62,VA,62,0,False,m34-n7-543
m35-n19-544,35,0.0,3.0,1,1,78,VA,78,0,False,m35-n19-544
m35-n19-545,35,0.0,3.0,1,1,81,V2,81,0,False,m35-n19-545
m35-n19-546,35,0.0,3.0,1,1,90,V1,90,0,False,m35-n19-546
m35-n19-547,35,3.0,0.5,1,1,79,V2,79,0,False,m35-n19-547
m35-n19-548,35,3.0,0.5,1,1,91,V1,91,0,False,m35-n19-548
m35-n19-549,35,3.5,0.5,1,1,76,V2,76,0,False,m35-n19-549
m35-n19-550,35,3.5,0.5,1,1,88,V1,88,0,False,m35-n19-550
m35-n19-551,35,0.0,0.5,2,5,71,VA,71,0,False,m35-n19-551
m35-n19-552,35,0.0,0.5,2,5,74,V2,74,0,False,m35-n19-552
m35-n19-553,35,0.5,0.5,2,5,71,VA,71,0,False,m35-n19-553
m35-n19-554,35,0.5,0.5,2,5,74,V2,74,0,False,m35-n19-554
m35-n19-555,35,1.0,0.5,2,5,71,VA,71,0,False,m35-n19-555
m35-n19-556,35,1.0,0.5,2,5,74,V2,74,0,False,m35-n19-556
m35-n19-557,35,1.5,0.5,2,5,71,VA,71,0,False,m35-n19-557
m35-n19-558,35,1.5,0.5,2,5,74,V2,74,0,False,m35-n19-558
m35-n19-559,35,2.0,1.0,2,5,71,VA,71,0,False,m35-n19-559
m35-n19-560,35,2.0,1.0,2,5,74,V2,74,0,False,m35-n19-560
m35-n19-561,35,3.0,0.5,2,5,69,VA,69,0,False,m35-n19-561
m35-n19-562,35,3.5,0.5,2,5,71,VA,71,0,False,m35-n19-562
m36-n5-563,36,0.0,4.0,1,1,76,V2,76,0,False,m35-n19-549
m36-n5-564,36,0.0,4.0,1,1,88,V1,88,0,False,m35-n19-550
m36-n5-565,36,0.0,1.0,2,5,71,VA,71,0,False,m35-n19-562
m37-n19-566,37,0.0,3.0,1,1,78,VA,78,0,False,m37-n19-566
m37-n19-567,37,0.0,3.0,1,1,81,V2,81,0,False,m37-n19-567
m37-n19-568,37,0.0,3.0,1,1,90,V1,90,0,False,m37-n19-568
m37-n19-569,37,3.0,0.5,1,1,79,V2,79,0,False,m37-n19-569
m37-n19-570,37,3.0,0.5,1,1,91,V1,91,0,False,m37-n19-570
m37-n19-571,37,3.5,0.5,1,1,76,V2,76,0,False,m37-n19-571
m37-n19-572,37,3.5,0.5,1,1,88,V1,88,0,False,m37-n19-572
m37-n19-573,37,0.0,0.5,2,5,71,VA,71,0,False,m37-n19-573
m37-n19-574,37,0.0,0.5,2,5,74,V2,74,0,False,m37-n19-574
m37-n19-575,37,0.5,0.5,2,5,71,VA,71,0,False,m37-n19-575
m37-n19-576,37,0.5,0.5,2,5,74,V2,74,0,False,m37-n19-576
m37-n19-577,37,1.0,0.5,2,5,71,VA,71,0,False,m37-n19-577
m37-n19-578,37,1.0,0.5,2,5,74,V2,74,0,False,m37-n19-578
m37-n19-579,37,1.5,0.5,2,5,71,VA,71,0,False,m37-n19-579
m37-n19-580,37,1.5,0.5,2,5,74,V2,74,0,False,m37-n19-580
m37-n19-581,37,2.0,0.5,2,5,71,VA,71,0,False,m37-n19-581
m37-n19-582,37,2.0,0.5,2,5,74,V2,74,0,False,m37-n19-582
m37-n19-583,37,2.5,1.0,2,5,69,VA,69,0,False,m37-n19-583
m37-n19-584,37,3.5,0.5,2,5,72,VA,72,0,False,m37-n19-584
m38-n7-585,38,0.0,4.0,1,1,76,V2,76,0,False,m37-n19-571
m38-n7-586,38,0.0,4.0,1,1,88,V1,88,0,False,m37-n19-572
m38-n7-587,38,0.0,0.5,2,5,72,VA,72,0,False,m37-n19-584
m38-n7-588,38,0.5,1.0,2,5,71,VA,71,0,False,m38-n7-588
m38-n7-589,38,1.5,1.5,2,5,67,VA,67,0,False,m38-n7-589
m38-n7-590,38,3.0,0.5,2,5,64,VA,64,0,False,m38-n7-590
m38-n7-591,38,3.5,0.5,2,5,67,VA,67,0,False,m38-n7-591
m39-n15-592,39,1.5,0.5,1,1,71,V1,71,0,False,m39-n15-592
m39-n15-593,39,2.0,1.5,1,1,64,VA,64,0,False,m39-n15-593
m39-n15-594,39,2.0,1.5,1,1,67,V2,67,0,False,m39-n15-594
m39-n15-595,39,2.0,1.5,1,1,70,V1,70,0,False,m39-n15-595
m39-n15-596,39,3.5,0.5,1,1,71,V1,71,0,False,m39-n15-596
m39-n15-597,39,0.0,0.75,2,5,40,VC,40,0,False,m39-n15-597
m39-n15-598,39,0.75,0.25,2,5,47,VC,47,0,False,m39-n15-598
m39-n15-599,39,1.0,0.5,2,5,50,VC,50,0,False,m39-n15-599
m39-n15-600,39,1.5,0.5,2,5,47,VC,47,0,False,m39-n15-600
m39-n15-601,39,2.0,0.5,2,5,50,VC,50,0,False,m39-n15-601
m39-n15-602,39,2.5,0.5,2,5,47,VC,47,0,False,m39-n15-602
m39-n15-603,39,3.0,0.5,2,5,50,VC,50,0,False,m39-n15-603
m39-n15-604,39,3.5,0.5,2,5,52,VC,52,0,False,m39-n15-604
m40-n23-605,40,0.0,0.25,1,1,69,V1,69,0,False,m40-n23-605
m40-n23-606,40,0.25,0.25,1,1,67,V1,67,0,False,m40-n23-606
m40-n23-607,40,0.5,0.5,1,1,64,V1,64,0,False,m40-n23-607
m40-n23-608,40,3.0,0.5,1,1,59,V1,59,0,False,m40-n23-608
m40-n23-609,40,3.5,0.5,1,1,62,V2,62,0,False,m40-n23-609
m40-n23-610,40,3.5,0.5,1,1,69,V1,69,0,False,m40-n23-610
m40-n23-611,40,0.0,0.5,2,5,40,VC,40,0,False,m40-n23-611
m40-n23-612,40,0.5,0.25,2,5,52,VC,52,0,False,m40-n23-612
m40-n23-613,40,0.75,0.25,2,5,50,VC,50,0,False,m40-n23-613
m40-n23-614,40,1.0,0.25,2,5,52,VC,52,0,False,m40-n23-614
m40-n23-615,40,1.25,0.25,2,5,50,VC,50,0,False,m40-n23-615
m40-n23-616,40,1.5,0.25,2,5,47,VC,47,0,False,m40-n23-616
m40-n23-617,40,1.75,0.25,2,5,50,VC,50,0,False,m40-n23-617
m40-n23-618,40,2.0,0.25,2,5,52,VC,52,0,False,m40-n23-618
m40-n23-619,40,2.25,0.25,2,5,50,VC,50,0,False,m40-n23-619
m40-n23-620,40,2.5,0.25,2,5,52,VC,52,0,False,m40-n23-620
m40-n23-621,40,2.75,0.25,2,5,50,VC,50,0,False,m40-n23-621
m40-n23-622,40,3.0,0.25,2,5,52,VC,52,0,False,m40-n23-622
m40-n23-623,40,3.25,0.25,2,5,50,VC,50,0,False,m40-n23-623
m40-n23-624,40,3.5,0.25,2,5,47,VC,47,0,False,m40-n23-624
m40-n23-625,40,3.75,0.25,2,5,50,VC,50,0,False,m40-n23-625
m41-n17-626,41,0.0,0.25,1,1,64,V2,64,0,False,m41-n17-626
m41-n17-627,41,0.0,0.25,1,1,67,V1,67,0,False,m41-n17-627
m41-n17-628,41,0.25,0.25,1,1,64,V2,64,0,False,m41-n17-628
m41-n17-629,41,0.25,0.25,1,1,67,V1,67,0,False,m41-n17-629
m41-n17-630,41,0.5,0.5,1,1,64,V2,64,0,False,m41-n17-630
m41-n17-631,41,0.5,0.5,1,1,67,V1,67,0,False,m41-n17-631
m41-n17-632,41,1.0,1.0,1,1,64,V2,64,0,False,m41-n17-632
m41-n17-633,41,1.0,1.0,1,1,67,V1,67,0,False,m41-n17-633
m41-n17-634,41,0.0,0.75,2,5,40,VC,40,0,False,m41-n17-634
m41-n17-635,41,0.75,0.25,2,5,47,VC,47,0,False,m41-n17-635
m41-n17-636,41,1.0,0.5,2,5,50,VC,50,0,False,m41-n17-636
m41-n17-637,41,1.5,0.5,2,5,47,VC,47,0,False,m41-n17-637
m41-n17-638,41,2.0,0.5,2,5,50,VC,50,0,False,m41-n17-638
m41-n17-639,41,2.5,0.5,2,5,47,VC,47,0,False,m41-n17-639
m41-n17-640,41,3.0,0.5,2,5,50,VC,50,0,False,m41-n17-640
m41-n17-641,41,3.5,0.5,2,5,52,VC,52,0,False,m41-n17-641
m42-n23-642,42,1.0,0.25,1,1,64,V2,64,0,False,m42-n23-642
m42-n23-643,42,1.0,0.25,1,1,67,V1,67,0,False,m42-n23-643
m42-n23-644,42,1.25,0.25,1,1,64,V2,64,0,False,m42-n23-644
m42-n23-645,42,1.25,0.25,1,1,67,V1,67,0,False,m42-n23-645
m42-n23-646,42,1.5,0.5,1,1,64,V2,64,0,False,m42-n23-646
m42-n23-647,42,1.5,0.5,1,1,67,V1,67,0,False,m42-n23-647
m42-n23-648,42,2.0,0.5,1,1,64,V2,64,0,False,m42-n23-648
m42-n23-649,42,2.0,0.5,1,1,67,V1,67,0,False,m42-n23-649
m42-n23-650,42,2.5,0.5,1,1,64,V2,64,0,False,m42-n23-650
m42-n23-651,42,2.5,0.5,1,1,67,V1,67,0,False,m42-n23-651
m42-n23-652,42,3.0,0.5,1,1,64,V2,64,0,False,m42-n23-652
m42-n23-653,42,3.0,0.5,1,1,67,V1,67,0,False,m42-n23-653
m42-n23-654,42,3.5,0.5,1,1,62,V2,62,0,False,m42-n23-654
m42-n23-655,42,3.5,0.5,1,1,66,V1,66,0,False,m42-n23-655
m42-n23-656,42,0.0,0.75,2,5,40,VC,40,0,False,m42-n23-656
m42-n23-657,42,0.75,0.25,2,5,47,VC,47,0,False,m42-n23-657
m42-n23-658,42,1.0,0.5,2,5,50,VC,50,0,False,m42-n23-658
m42-n23-659,42,1.5,0.5,2,5,47,VC,47,0,False,m42-n23-659
m42-n23-660,42,2.0,0.5,2,5,50,VC,50,0,False,m42-n23-660
m42-n23-661,42,2.5,0.5,2,5,47,VC,47,0,False,m42-n23-661
m42-n23-662,42,3.0,0.5,2,5,50,VC,50,0,False,m42-n23-662
m42-n23-663,42,3.5,0.5,2,5,52,VC,52,0,False,m42-n23-663
m43-n15-664,43,0.0,0.5,1,1,62,V2,62,0,False,m42-n23-654
m43-n15-665,43,0.5,0.5,1,1,59,V1,59,0,False,m43-n15-665
m43-n15-666,43,1.0,0.5,1,1,59,V1,59,0,False,m43-n15-666
m43-n15-667,43,1.5,0.5,1,1,59,V1,59,0,False,m43-n15-667
m43-n15-668,43,2.0,0.5,1,1,59,V1,59,0,False,m43-n15-668
m43-n15-669,43,2.5,0.5,1,1,62,V1,62,0,False,m43-n15-669
m43-n15-670,43,0.0,0.75,2,5,35,VC,47,1,False,m43-n15-670
m43-n15-671,43,0.75,0.25,2,5,42,VC,42,0,False,m43-n15-671
m43-n15-672,43,1.0,0.5,2,5,45,VC,45,0,False,m43-n15-672
m43-n15-673,43,1.5,0.5,2,5,42,VC,42,0,False,m43-n15-673
m43-n15-674,43,2.0,0.5,2,5,45,VC,45,0,False,m43-n15-674
m43-n15-675,43,2.5,0.5,2,5,42,VC,42,0,False,m43-n15-675
m43-n15-676,43,3.0,0.5,2,5,45,VC,45,0,False,m43-n15-676
m43-n15-677,43,3.5,0.5,2,5,47,VC,47,0,False,m43-n15-677
m44-n12-678,44,3.0,0.5,1,1,64,V1,64,0,False,m44-n12-678
m44-n12-679,44,3.5,0.5,1,1,64,V1,64,0,False,m44-n12-679
m44-n12-680,44,0.0,0.75,2,5,35,VC,47,1,False,m44-n12-680
m44-n12-681,44,0.75,0.25,2,5,42,VC,42,0,False,m44-n12-681
m44-n12-682,44,1.0,0.5,2,5,45,VC,45,0,False,m44-n12-682
m44-n12-683,44,1.5,0.5,2,5,42,VC,42,0,False,m44-n12-683
m44-n12-684,44,2.0,0.5,2,5,45,VC,45,0,False,m44-n12-684
m44-n12-685,44,2.5,0.5,2,5,42,VC,42,0,False,m44-n12-685
m44-n12-686,44,3.0,0.5,2,5,45,VC,45,0,False,m44-n12-686
m44-n12-687,44,3.5,0.5,2,5,47,VC,47,0,False,m44-n12-687
m45-n15-688,45,0.0,0.5,1,1,64,V1,64,0,False,m45-n15-688
m45-n15-689,45,0.5,0.5,1,1,62,V1,62,0,False,m45-n15-689
m45-n15-690,45,1.0,0.5,1,1,59,V1,59,0,False,m45-n15-690
m45-n15-691,45,1.5,0.5,1,1,62,V1,62,0,False,m45-n15-691
m45-n15-692,45,3.0,0.5,1,1,64,V1,64,0,False,m45-n15-692
m45-n15-693,45,3.5,0.5,1,1,64,V1,64,0,False,m45-n15-693
m45-n15-694,45,0.0,0.75,2,5,33,VC,45,1,False,m45-n15-694
m45-n15-695,45,0.75,0.25,2,5,40,VC,40,0,False,m45-n15-695
m45-n15-696,45,1.0,0.5,2,5,43,VC,43,0,False,m45-n15-696
m45-n15-697,45,1.5,0.5,2,5,40,VC,40,0,False,m45-n15-697
m45-n15-698,45,2.0,0.5,2,5,43,VC,43,0,False,m45-n15-698
m45-n15-699,45,2.5,0.5,2,5,40,VC,40,0,False,m45-n15-699
m45-n15-700,45,3.0,0.5,2,5,43,VC,43,0,False,m45-n15-700
m45-n15-701,45,3.5,0.5,2,5,45,VC,45,0,False,m45-n15-701
m46-n16-702,46,0.0,0.5,1,1,64,V1,64,0,False,m46-n16-702
m46-n16-703,46,0.5,0.5,1,1,62,V1,62,0,False,m46-n16-703
m46-n16-704,46,1.0,0.5,1,1,59,V1,59,0,False,m46-n16-704
m46-n16-705,46,1.5,0.5,1,1,62,V1,62,0,False,m46-n16-705
m46-n16-706,46,2.5,0.5,1,1,59,V1,59,0,False,m46-n16-706
m46-n16-707,46,3.0,0.5,1,1,59,V1,59,0,False,m46-n16-707
m46-n16-708,46,3.5,0.5,1,1,59,V1,59,0,False,m46-n16-708
m46-n16-709,46,0.0,0.75,2,5,35,VC,47,1,False,m46-n16-709
m46-n16-710,46,0.75,0.25,2,5,42,VC,42,0,False,m46-n16-710
m46-n16-711,46,1.0,0.5,2,5,45,VC,45,0,False,m46-n16-711
m46-n16-712,46,1.5,0.5,2,5,42,VC,42,0,False,m46-n16-712
m46-n16-713,46,2.0,0.5,2,5,45,VC,45,0,False,m46-n16-713
m46-n16-714,46,2.5,0.5,2,5,42,VC,42,0,False,m46-n16-714
m46-n16-715,46,3.0,0.5,2,5,45,VC,45,0,False,m46-n16-715
m46-n16-716,46,3.5,0.5,2,5,47,VC,47,0,False,m46-n16-716
m47-n17-717,47,0.0,0.25,1,1,57,V1,57,0,False,m47-n17-717
m47-n17-718,47,0.25,0.25,1,1,55,V1,55,0,False,m47-n17-718
m47-n17-719,47,0.5,0.5,1,1,52,V1,64,1,False,m47-n17-719
m47-n17-720,47,1.5,0.5,1,1,71,V1,71,0,False,m47-n17-720
m47-n17-721,47,2.0,1.5,1,1,64,VA,64,0,False,m47-n17-721
m47-n17-722,47,2.0,1.5,1,1,67,V2,67,0,False,m47-n17-722
m47-n17-723,47,2.0,1.5,1,1,70,V1,70,0,False,m47-n17-723
m47-n17-724,47,3.5,0.5,1,1,71,V1,71,0,False,m47-n17-724
m47-n17-725,47,0.0,0.75,2,5,40,VC,40,0,False,m47-n17-725
m47-n17-726,47,0.75,0.25,2,5,47,VC,47,0,False,m47-n17-726
m47-n17-727,47,1.0,0.5,2,5,50,VC,50,0,False,m47-n17-727
m47-n17-728,47,1.5,0.5,2,5,47,VC,47,0,False,m47-n17-728
m47-n17-729,47,2.0,0.5,2,5,50,VC,50,0,False,m47-n17-729
m47-n17-730,47,2.5,0.5,2,5,47,VC,47,0,False,m47-n17-730
m47-n17-731,47,3.0,0.5,2,5,50,VC,50,0,False,m47-n17-731
m47-n17-732,47,3.5,0.5,2,5,52,VC,52,0,False,m47-n17-732
m48-n22-733,48,0.0,0.25,1,1,69,V1,69,0,False,m48-n22-733
m48-n22-734,48,0.25,0.25,1,1,67,V1,67,0,False,m48-n22-734
m48-n22-735,48,0.5,0.5,1,1,64,V1,64,0,False,m48-n22-735
m48-n22-736,48,3.0,0.5,1,1,59,V1,59,0,False,m48-n22-736
m48-n22-737,48,3.5,0.5,1,1,62,V1,62,0,False,m48-n22-737
m48-n22-738,48,0.0,0.5,2,5,40,VC,40,0,False,m48-n22-738
m48-n22-739,48,0.5,0.25,2,5,52,VC,52,0,False,m48-n22-739
m48-n22-740,48,0.75,0.25,2,5,50,VC,50,0,False,m48-n22-740
m48-n22-741,48,1.0,0.25,2,5,52,VC,52,0,False,m48-n22-741
m48-n22-742,48,1.25,0.25,2,5,50,VC,50,0,False,m48-n22-742
m48-n22-743,48,1.5,0.25,2,5,47,VC,47,0,False,m48-n22-743
m48-n22-744,48,1.75,0.25,2,5,50,VC,50,0,False,m48-n22-744
m48-n22-745,48,2.0,0.25,2,5,52,VC,52,0,False,m48-n22-745
m48-n22-746,48,2.25,0.25,2,5,50,VC,50,0,False,m48-n22-746
m48-n22-747,48,2.5,0.25,2,5,52,VC,52,0,False,m48-n22-747
m48-n22-748,48,2.75,0.25,2,5,50,VC,50,0,False,m48-n22-748
m48-n22-749,48,3.0,0.25,2,5,52,VC,52,0,False,m48-n22-749
m48-n22-750,48,3.25,0.25,2,5,50,VC,50,0,False,m48-n22-750
m48-n22-751,48,3.5,0.25,2,5,47,VC,47,0,False,m48-n22-751
m48-n22-752,48,3.75,0.25,2,5,50,VC,50,0,False,m48-n22-752
m49-n17-753,49,0.0,0.5,1,1,64,V1,64,0,False,m49-n17-753
m49-n17-754,49,0.5,0.5,1,1,64,V1,64,0,False,m49-n17-754
m49-n17-755,49,1.0,0.5,1,1,62,V1,62,0,False,m49-n17-755
m49-n17-756,49,1.5,0.5,1,1,64,V1,64,0,False,m49-n17-756
m49-n17-757,49,3.0,1.0,1,1,64,VA,64,0,False,m49-n17-757
m49-n17-758,49,3.0,1.0,1,1,67,VA,67,0,False,m49-n17-758
m49-n17-759,49,3.0,1.0,1,1,71,V2,71,0,False,m49-n17-759
m49-n17-760,49,3.0,1.0,1,1,76,V1,76,0,False,m49-n17-760
m49-n17-761,49,0.0,0.75,2,5,40,VC,40,0,False,m49-n17-761
m49-n17-762,49,0.75,0.25,2,5,47,VC,47,0,False,m49-n17-762
m49-n17-763,49,1.0,0.5,2,5,50,VC,50,0,False,m49-n17-763
m49-n17-764,49,1.5,0.5,2,5,47,VC,47,0,False,m49-n17-764
m49-n17-765,49,2.0,0.5,2,5,50,VC,50,0,False,m49-n17-765
m49-n17-766,49,2.5,0.5,2,5,47,VC,47,0,False,m49-n17-766
m49-n17-767,49,3.0,0.5,2,5,50,VC,50,0,False,m49-n17-767
m49-n17-768,49,3.5,0.5,2,5,52,VC,52,0,False,m49-n17-768
m50-n15-769,50,1.0,0.5,1,1,59,V1,59,0,False,m50-n15-769
m50-n15-770,50,1.5,0.5,1,1,62,V1,62,0,False,m50-n15-770
m50-n15-771,50,2.0,0.5,1,1,64,V1,64,0,False,m50-n15-771
m50-n15-772,50,2.5,0.5,1,1,64,V1,64,0,False,m50-n15-772
m50-n15-773,50,3.0,0.5,1,1,64,V1,64,0,False,m50-n15-773
m50-n15-774,50,3.5,0.5,1,1,64,V1,64,0,False,m50-n15-774
m50-n15-775,50,0.0,0.75,2,5,40,VC,40,0,False,m50-n15-775
m50-n15-776,50,0.75,0.25,2,5,47,VC,47,0,False,m50-n15-776
m50-n15-777,50,1.0,0.5,2,5,50,VC,50,0,False,m50-n15-777
m50-n15-778,50,1.5,0.5,2,5,47,VC,47,0,False,m50-n15-778
m50-n15-779,50,2.0,0.5,2,5,50,VC,50,0,False,m50-n15-779
m50-n15-780,50,2.5,0.5,2,5,47,VC,47,0,False,m50-n15-780
m50-n15-781,50,3.0,0.5,2,5,50,VC,50,0,False,m50-n15-781
m50-n15-782,50,3.5,0.5,2,5,52,VC,52,0,False,m50-n15-782
m51-n18-783,51,0.0,0.5,1,1,64,V1,64,0,False,m51-n18-783
m51-n18-784,51,0.5,0.5,1,1,62,V1,62,0,False,m51-n18-784
m51-n18-785,51,1.0,0.5,1,1,62,V1,62,0,False,m51-n18-785
m51-n18-786,51,1.5,0.25,1,1,59,V1,59,0,False,m51-n18-786
m51-n18-787,51,1.75,0.25,1,1,62,V1,62,0,False,m51-n18-787
m51-n18-788,51,3.0,1.0,1,1,59,VA,59,0,False,m51-n18-788
m51-n18-789,51,3.0,1.0,1,1,62,VA,62,0,False,m51-n18-789
m51-n18-790,51,3.0,1.0,1,1,66,V2,66,0,False,m51-n18-790
m51-n18-791,51,3.0,1.0,1,1,71,V1,71,0,False,m51-n18-791
m51-n18-792,51,0.0,0.75,2,5,35,VC,47,1,False,m51-n18-792
m51-n18-793,51,0.75,0.25,2,5,42,VC,42,0,False,m51-n18-793
m51-n18-794,51,1.0,0.5,2,5,45,VC,45,0,False,m51-n18-794
m51-n18-795,51,1.5,0.5,2,5,42,VC,42,0,False,m51-n18-795
m51-n18-796,51,2.0,0.5,2,5,45,VC,45,0,False,m51-n18-796
m51-n18-797,51,2.5,0.5,2,5,42,VC,42,0,False,m51-n18-797
m51-n18-798,51,3.0,0.5,2,5,45,VC,45,0,False,m51-n18-798
m51-n18-799,51,3.5,0.5,2,5,47,VC,47,0,False,m51-n18-799
m52-n21-800,52,0.5,0.5,1,1,59,VA,59,0,False,m52-n21-800
m52-n21-801,52,0.5,0.5,1,1,62,VA,62,0,False,m52-n21-801
m52-n21-802,52,0.5,0.5,1,1,66,V2,66,0,False,m52-n21-802
m52-n21-803,52,0.5,0.5,1,1,71,V1,71,0,False,m52-n21-803
m52-n21-804,52,1.5,0.5,1,1,59,VA,59,0,False,m52-n21-804
m52-n21-805,52,1.5,0.5,1,1,62,VA,62,0,False,m52-n21-805
m52-n21-806,52,1.5,0.5,1,1,66,V2,66,0,False,m52-n21-806
m52-n21-807,52,1.5,0.5,1,1,71,V1,71,0,False,m52-n21-807
m52-n21-808,52,3.5,0.5,1,1,62,V1,62,0,False,m52-n21-808
m52-n21-809,52,0.0,0.75,2,5,35,VC,47,1,False,m52-n21-809
m52-n21-810,52,0.75,0.25,2,5,42,VC,42,0,False,m52-n21-810
m52-n21-811,52,1.0,0.5,2,5,45,VC,45,0,False,m52-n21-811
m52-n21-812,52,1.5,0.5,2,5,42,VC,42,0,False,m52-n21-812
m52-n21-813,52,2.0,0.5,2,5,45,VC,45,0,False,m52-n21-813
m52-n21-814,52,2.5,0.5,2,5,42,VC,42,0,False,m52-n21-814
m52-n21-815,52,3.0,0.5,2,5,45,VC,45,0,False,m52-n21-815
m52-n21-816,52,3.5,0.5,2,5,47,VC,47,0,False,m52-n21-816
m53-n19-817,53,0.0,0.5,1,1,57,VA,57,0,False,m53-n19-817
m53-n19-818,53,0.0,0.5,1,1,60,VA,60,0,False,m53-n19-818
m53-n19-819,53,0.0,0.5,1,1,64,V2,64,0,False,m53-n19-819
m53-n19-820,53,0.0,0.5,1,1,69,V1,69,0,False,m53-n19-820
m53-n19-821,53,0.5,0.5,1,1,62,V1,62,0,False,m53-n19-821
m53-n19-822,53,1.0,0.5,1,1,62,V1,62,0,False,m53-n19-822
m53-n19-823,53,1.5,0.25,1,1,59,V1,59,0,False,m53-n19-823
m53-n19-824,53,1.75,0.25,1,1,62,V1,62,0,False,m53-n19-824
m53-n19-825,53,3.0,0.5,1,1,59,V1,59,0,False,m53-n19-825
m53-n19-826,53,3.5,0.5,1,1,62,V1,62,0,False,m53-n19-826
m53-n19-827,53,0.0,0.75,2,5,33,VC,45,1,False,m53-n19-827
m53-n19-828,53,0.75,0.25,2,5,40,VC,40,0,False,m53-n19-828
m53-n19-829,53,1.0,0.5,2,5,43,VC,43,0,False,m53-n19-829
m53-n19-830,53,1.5,0.5,2,5,40,VC,40,0,False,m53-n19-830
m53-n19-831,53,2.0,0.5,2,5,43,VC,43,0,False,m53-n19-831
m53-n19-832,53,2.5,0.5,2,5,40,VC,40,0,False,m53-n19-832
m53-n19-833,53,3.0,0.5,2,5,43,VC,43,0,False,m53-n19-833
m53-n19-834,53,3.5,0.5,2,5,45,VC,45,0,False,m53-n19-834
m54-n18-835,54,0.0,0.5,1,1,64,V1,64,0,False,m54-n18-835
m54-n18-836,54,0.5,0.5,1,1,62,V1,62,0,False,m54-n18-836
m54-n18-837,54,1.0,0.5,1,1,62,V1,62,0,False,m54-n18-837
m54-n18-838,54,1.5,0.25,1,1,59,V1,59,0,False,m54-n18-838
m54-n18-839,54,1.75,0.25,1,1,62,V1,62,0,False,m54-n18-839
m54-n18-840,54,3.0,1.0,1,1,59,VA,59,0,False,m54-n18-840
m54-n18-841,54,3.0,1.0,1,1,62,VA,62,0,False,m54-n18-841
m54-n18-842,54,3.0,1.0,1,1,66,V2,66,0,False,m54-n18-842
m54-n18-843,54,3.0,1.0,1,1,71,V1,71,0,False,m54-n18-843
m54-n18-844,54,0.0,0.75,2,5,35,VC,47,1,False,m54-n18-844
m54-n18-845,54,0.75,0.25,2,5,42,VC,42,0,False,m54-n18-845
m54-n18-846,54,1.0,0.5,2,5,45,VC,45,0,False,m54-n18-846
m54-n18-847,54,1.5,0.5,2,5,42,VC,42,0,False,m54-n18-847
m54-n18-848,54,2.0,0.5,2,5,45,VC,45,0,False,m54-n18-848
m54-n18-849,54,2.5,0.5,2,5,42,VC,42,0,False,m54-n18-849
m54-n18-850,54,3.0,0.5,2,5,45,VC,45,0,False,m54-n18-850
m54-n18-851,54,3.5,0.5,2,5,47,VC,47,0,False,m54-n18-851
m55-n18-852,55,0.0,0.5,1,1,64,V1,64,0,False,m55-n18-852
m55-n18-853,55,0.5,0.5,1,1,62,V1,62,0,False,m55-n18-853
m55-n18-854,55,1.0,0.5,1,1,62,V1,62,0,False,m55-n18-854
m55-n18-855,55,1.5,0.25,1,1,59,V1,59,0,False,m55-n18-855
m55-n18-856,55,1.75,0.25,1,1,62,V1,62,0,False,m55-n18-856
m55-n18-857,55,2.0,0.5,1,1,62,V1,62,0,False,m55-n18-856
m55-n18-858,55,2.5,0.5,1,1,59,V1,59,0,False,m55-n18-858
m55-n18-859,55,3.5,0.25,1,1,67,V1,67,0,False,m55-n18-859
m55-n18-860,55,3.75,0.25,1,1,67,V1,67,0,False,m55-n18-860
m55-n18-861,55,0.0,1.0,2,5,36,VC,36,0,False,m55-n18-861
m55-n18-862,55,0.0,1.0,2,5,48,VA,48,0,False,m55-n18-862
m55-n18-863,55,1.0,1.0,2,5,36,VC,36,0,False,m55-n18-863
m55-n18-864,55,1.0,1.0,2,5,48,VA,48,0,False,m55-n18-864
m55-n18-865,55,2.0,1.0,2,5,36,VC,36,0,False,m55-n18-865
m55-n18-866,55,2.0,1.0,2,5,48,VA,48,0,False,m55-n18-866
m55-n18-867,55,3.0,1.0,2,5,36,VC,36,0,False,m55-n18-867
m55-n18-868,55,3.0,1.0,2,5,48,VA,48,0,False,m55-n18-868
m56-n19-869,56,0.0,0.5,1,1,76,V1,76,0,False,m56-n19-869
m56-n19-870,56,0.5,0.5,1,1,71,V2,71,0,False,m56-n19-870
m56-n19-871,56,0.5,0.5,1,1,74,V1,74,0,False,m56-n19-871
m56-n19-872,56,1.0,0.5,1,1,74,V1,74,0,False,m56-n19-872
m56-n19-873,56,1.5,0.25,1,1,71,V1,71,0,False,m56-n19-873
m56-n19-874,56,1.75,0.25,1,1,74,V1,74,0,False,m56-n19-874
m56-n19-875,56,2.5,0.5,1,1,71,V1,71,0,False,m56-n19-875
m56-n19-876,56,3.0,0.25,1,1,69,V1,69,0,False,m56-n19-876
m56-n19-877,56,3.25,0.25,1,1,67,V1,67,0,False,m56-n19-877
m56-n19-878,56,3.5,0.5,1,1,64,V1,64,0,False,m56-n19-878
m56-n19-879,56,0.0,1.0,2,5,38,VC,38,0,False,m56-n19-879
m56-n19-880,56,0.0,1.0,2,5,50,VA,50,0,False,m56-n19-880
m56-n19-881,56,1.0,1.0,2,5,38,VC,38,0,False,m56-n19-881
m56-n19-882,56,1.0,1.0,2,5,50,VA,50,0,False,m56-n19-882
m56-n19-883,56,2.0,1.0,2,5,38,VC,38,0,False,m56-n19-883
m56-n19-884,56,2.0,1.0,2,5,50,VA,50,0,False,m56-n19-884
m56-n19-885,56,3.0,1.0,2,5,38,VC,38,0,False,m56-n19-885
m56-n19-886,56,3.0,1.0,2,5,50,VA,50,0,False,m56-n19-886
m57-n25-887,57,0.0,3.0,1,1,74,VA,74,0,False,m57-n25-887
m57-n25-888,57,0.0,3.0,1,1,78,VA,78,0,False,m57-n25-888
m57-n25-889,57,0.0,3.0,1,1,81,V2,81,0,False,m57-n25-889
m57-n25-890,57,0.0,3.0,1,1,86,V1,86,0,False,m57-n25-890
m57-n25-891,57,3.0,0.5,1,1,76,VA,76,0,False,m57-n25-891
m57-n25-892,57,3.0,0.5,1,1,83,V2,83,0,False,m57-n25-892
m57-n25-893,57,3.0,0.5,1,1,88,V1,88,0,False,m57-n25-893
m57-n25-894,57,3.5,0.5,1,1,64,VA,64,0,False,m57-n25-894
m57-n25-895,57,3.5,0.5,1,1,67,VA,67,0,False,m57-n25-895
m57-n25-896,57,3.5,0.5,1,1,71,V2,71,0,False,m57-n25-896
m57-n25-897,57,3.5,0.5,1,1,76,V1,76,0,False,m57-n25-897
m57-n25-898,57,0.0,1.0,2,5,38,VC,38,0,False,m57-n25-898
m57-n25-899,57,0.0,1.0,2,5,42,VC,42,0,False,m57-n25-899
m57-n25-900,57,0.0,1.0,2,5,45,VC,45,0,False,m57-n25-900
m57-n25-901,57,2.0,0.5,2,5,50,VC,50,0,False,m57-n25-901
m57-n25-902,57,2.0,0.5,2,5,62,V2,62,0,False,m57-n25-902
m57-n25-903,57,2.5,0.5,2,5,50,VC,50,0,False,m57-n25-903
m57-n25-904,57,2.5,0.5,2,5,62,V2,62,0,False,m57-n25-904
m57-n25-905,57,3.0,0.5,2,5,52,VC,52,0,False,m57-n25-905
m57-n25-906,57,3.0,0.5,2,5,59,VA,59,0,False,m57-n25-906
m57-n25-907,57,3.0,0.5,2,5,64,V2,64,0,False,m57-n25-907
m57-n25-908,57,3.5,0.5,2,5,55,VC,55,0,False,m57-n25-908
m57-n25-909,57,3.5,0.5,2,5,62,VA,62,0,False,m57-n25-909
m57-n25-910,57,3.5,0.5,2,5,67,V2,67,0,False,m57-n25-910
m58-n12-911,58,0.0,4.0,1,1,64,VA,64,0,False,m57-n25-894
m58-n12-912,58,0.0,4.0,1,1,67,VA,67,0,False,m57-n25-895
m58-n12-913,58,0.0,4.0,1,1,71,V2,71,0,False,m57-n25-896
m58-n12-914,58,0.0,4.0,1,1,76,V1,76,0,False,m57-n25-897
m58-n12-915,58,0.0,0.5,2,5,55,VC,55,0,False,m57-n25-908
m58-n12-916,58,0.0,0.5,2,5,62,VA,62,0,False,m57-n25-909
m58-n12-917,58,0.0,0.5,2,5,67,V2,67,0,False,m57-n25-910
m58-n12-918,58,0.5,1.5,2,5,52,VC,52,0,False,m58-n12-918
m58-n12-919,58,0.5,1.5,2,5,55,VA,55,0,False,m58-n12-919
m58-n12-920,58,0.5,1.5,2,5,59,VA,59,0,False,m58-n12-920
m58-n12-921,58,0.5,1.5,2,5,64,V2,64,0,False,m58-n12-921
m59-n25-922,59,0.0,3.0,1,1,74,VA,74,0,False,m59-n25-922
m59-n25-923,59,0.0,3.0,1,1,78,VA,78,0,False,m59-n25-923
m59-n25-924,59,0.0,3.0,1,1,81,V2,81,0,False,m59-n25-924
m59-n25-925,59,0.0,3.0,1,1,86,V1,86,0,False,m59-n25-925
m59-n25-926,59,3.0,0.5,1,1,76,VA,76,0,False,m59-n25-926
m59-n25-927,59,3.0,0.5,1,1,79,VA,79,0,False,m59-n25-927
m59-n25-928,59,3.0,0.5,1,1,83,V2,83,0,False,m59-n25-928
m59-n25-929,59,3.0,0.5,1,1,88,V1,88,0,False,m59-n25-929
m59-n25-930,59,3.5,0.5,1,1,64,VA,64,0,False,m59-n25-930
m59-n25-931,59,3.5,0.5,1,1,67,VA,67,0,False,m59-n25-931
m59-n25-932,59,3.5,0.5,1,1,71,V2,71,0,False,m59-n25-932
m59-n25-933,59,3.5,0.5,1,1,76,V1,76,0,False,m59-n25-933
m59-n25-934,59,0.0,1.0,2,5,38,VC,38,0,False,m59-n25-934
m59-n25-935,59,0.0,1.0,2,5,42,VC,42,0,False,m59-n25-935
m59-n25-936,59,0.0,1.0,2,5,45,VC,45,0,False,m59-n25-936
m59-n25-937,59,2.0,0.5,2,5,50,VC,50,0,False,m59-n25-937
m59-n25-938,59,2.0,0.5,2,5,62,V2,62,0,False,m59-n25-938
m59-n25-939,59,2.5,0.5,2,5,52,VC,52,0,False,m59-n25-939
m59-n25-940,59,2.5,0.5,2,5,64,V2,64,0,False,m59-n25-940
m59-n25-941,59,3.0,0.5,2,5,55,VC,55,0,False,m59-n25-941
m59-n25-942,59,3.0,0.5,2,5,67,V2,67,0,False,m59-n25-942
m59-n25-943,59,3.5,0.5,2,5,52,VC,52,0,False,m59-n25-943
m59-n25-944,59,3.5,0.5,2,5,55,VA,55,0,False,m59-n25-944
m59-n25-945,59,3.5,0.5,2,5,59,VA,59,0,False,m59-n25-945
m60-n20-946,60,0.0,0.5,1,1,64,VA,64,0,False,m59-n25-930
m60-n20-947,60,0.0,0.5,1,1,67,VA,67,0,False,m59-n25-931
m60-n20-948,60,0.0,0.5,1,1,71,V2,71,0,False,m59-n25-932
m60-n20-949,60,0.0,0.5,1,1,76,V1,76,0,False,m59-n25-933
m60-n20-950,60,0.5,0.5,1,1,59,VA,59,0,False,m60-n20-950
m60-n20-951,60,0.5,0.5,1,1,64,V2,64,0,False,m60-n20-951
m60-n20-952,60,0.5,0.5,1,1,67,V1,67,0,False,m60-n20-952
m60-n20-953,60,1.5,0.5,1,1,59,VA,59,0,False,m60-n20-953
m60-n20-954,60,1.5,0.5,1,1,64,V2,64,0,False,m60-n20-954
m60-n20-955,60,1.5,0.5,1,1,67,V1,67,0,False,m60-n20-955
m60-n20-956,60,2.5,0.5,1,1,59,VA,59,0,False,m60-n20-956
m60-n20-957,60,2.5,0.5,1,1,64,V2,64,0,False,m60-n20-957
m60-n20-958,60,2.5,0.5,1,1,67,V1,67,0,False,m60-n20-958
m60-n20-959,60,0.0,2.0,2,5,52,VC,52,0,False,m59-n25-943
m60-n20-960,60,0.0,2.0,2,5,55,VA,55,0,False,m59-n25-944
m60-n20-961,60,0.0,2.0,2,5,59,VA,59,0,False,m59-n25-945
m61-n24-962,61,0.0,3.0,1,1,74,VA,74,0,False,m61-n24-962
m61-n24-963,61,0.0,3.0,1,1,81,V2,81,0,False,m61-n24-963
m61-n24-964,61,0.0,3.0,1,1,86,V1,86,0,False,m61-n24-964
m61-n24-965,61,3.0,0.5,1,1,76,VA,76,0,False,m61-n24-965
m61-n24-966,61,3.0,0.5,1,1,83,V2,83,0,False,m61-n24-966
m61-n24-967,61,3.0,0.5,1,1,88,V1,88,0,False,m61-n24-967
m61-n24-968,61,3.5,0.5,1,1,64,VA,64,0,False,m61-n24-968
m61-n24-969,61,3.5,0.5,1,1,67,VA,67,0,False,m61-n24-969
m61-n24-970,61,3.5,0.5,1,1,71,V2,71,0,False,m61-n24-970
m61-n24-971,61,3.5,0.5,1,1,76,V1,76,0,False,m61-n24-971
m61-n24-972,61,0.0,1.0,2,5,38,VC,38,0,False,m61-n24-972
m61-n24-973,61,0.0,1.0,2,5,42,VC,42,0,False,m61-n24-973
m61-n24-974,61,0.0,1.0,2,5,45,VC,45,0,False,m61-n24-974
m61-n24-975,61,2.0,0.5,2,5,50,VC,50,0,False,m61-n24-975
m61-n24-976,61,2.0,0.5,2,5,62,V2,62,0,False,m61-n24-976
m61-n24-977,61,2.5,0.5,2,5,50,VC,50,0,False,m61-n24-977
m61-n24-978,61,2.5,0.5,2,5,62,V2,62,0,False,m61-n24-978
m61-n24-979,61,3.0,0.5,2,5,52,VC,52,0,False,m61-n24-979
m61-n24-980,61,3.0,0.5,2,5,59,VA,59,0,False,m61-n24-980
m61-n24-981,61,3.0,0.5,2,5,64,V2,64,0,False,m61-n24-981
m61-n24-982,61,3.5,0.5,2,5,55,VC,55,0,False,m61-n24-982
m61-n24-983,61,3.5,0.5,2,5,62,VA,62,0,False,m61-n24-983
m61-n24-984,61,3.5,0.5,2,5,67,V2,67,0,False,m61-n24-984
m62-n12-985,62,0.0,4.0,1,1,64,VA,64,0,False,m61-n24-968
m62-n12-986,62,0.0,4.0,1,1,67,VA,67,0,False,m61-n24-969
m62-n12-987,62,0.0,4.0,1,1,71,V2,71,0,False,m61-n24-970
m62-n12-988,62,0.0,4.0,1,1,76,V1,76,0,False,m61-n24-971
m62-n12-989,62,0.0,0.5,2,5,55,VC,55,0,False,m61-n24-982
m62-n12-990,62,0.0,0.5,2,5,62,VA,62,0,False,m61-n24-983
m62-n12-991,62,0.0,0.5,2,5,67,V2,67,0,False,m61-n24-984
m62-n12-992,62,0.5,1.5,2,5,52,VC,52,0,False,m62-n12-992
m62-n12-993,62,0.5,1.5,2,5,55,VA,55,0,False,m62-n12-993
m62-n12-994,62,0.5,1.5,2,5,59,VA,59,0,False,m62-n12-994
m62-n12-995,62,0.5,1.5,2,5,64,V2,64,0,False,m62-n12-995
m63-n24-996,63,0.0,3.0,1,1,74,VA,74,0,False,m63-n24-996
m63-n24-997,63,0.0,3.0,1,1,81,V2,81,0,False,m63-n24-997
m63-n24-998,63,0.0,3.0,1,1,86,V1,86,0,False,m63-n24-998
m63-n24-999,63,3.0,0.5,1,1,76,VA,76,0,False,m63-n24-999
m63-n24-1000,63,3.0,0.5,1,1,79,VA,79,0,False,m63-n24-1000
m63-n24-1001,63,3.0,0.5,1,1,83,V2,83,0,False,m63-n24-1001
m63-n24-1002,63,3.0,0.5,1,1,88,V1,88,0,False,m63-n24-1002
m63-n24-1003,63,3.5,0.5,1,1,64,VA,64,0,False,m63-n24-1003
m63-n24-1004,63,3.5,0.5,1,1,67,VA,67,0,False,m63-n24-1004
m63-n24-1005,63,3.5,0.5,1,1,71,V2,71,0,False,m63-n24-1005
m63-n24-1006,63,3.5,0.5,1,1,76,V1,76,0,False,m63-n24-1006
m63-n24-1007,63,0.0,1.0,2,5,38,VC,38,0,False,m63-n24-1007
m63-n24-1008,63,0.0,1.0,2,5,42,VC,42,0,False,m63-n24-1008
m63-n24-1009,63,0.0,1.0,2,5,45,VC,45,0,False,m63-n24-1009
m63-n24-1010,63,2.0,0.5,2,5,50,VC,50,0,False,m63-n24-1010
m63-n24-1011,63,2.0,0.5,2,5,62,V2,62,0,False,m63-n24-1011
m63-n24-1012,63,2.5,0.5,2,5,52,VC,52,0,False,m63-n24-1012
m63-n24-1013,63,2.5,0.5,2,5,64,V2,64,0,False,m63-n24-1013
m63-n24-1014,63,3.0,0.5,2,5,55,VC,55,0,False,m63-n24-1014
m63-n24-1015,63,3.0,0.5,2,5,67,V2,67,0,False,m63-n24-1015
m63-n24-1016,63,3.5,0.5,2,5,52,VC,52,0,False,m63-n24-1016
m63-n24-1017,63,3.5,0.5,2,5,55,VA,55,0,False,m63-n24-1017
m63-n24-1018,63,3.5,0.5,2,5,59,VA,59,0,False,m63-n24-1018
m64-n18-1019,64,0.0,0.5,1,1,64,VA,64,0,False,m63-n24-1003
m64-n18-1020,64,0.0,0.5,1,1,67,VA,67,0,False,m63-n24-1004
m64-n18-1021,64,0.0,0.5,1,1,71,V2,71,0,False,m63-n24-1005
m64-n18-1022,64,0.0,0.5,1,1,76,V1,76,0,False,m63-n24-1006
m64-n18-1023,64,0.5,0.5,1,1,59,VA,59,0,False,m64-n18-1023
m64-n18-1024,64,0.5,0.5,1,1,64,V2,64,0,False,m64-n18-1024
m64-n18-1025,64,0.5,0.5,1,1,67,V1,67,0,False,m64-n18-1025
m64-n18-1026,64,1.5,0.5,1,1,59,VA,59,0,False,m64-n18-1026
m64-n18-1027,64,1.5,0.5,1,1,64,V2,64,0,False,m64-n18-1027
m64-n18-1028,64,1.5,0.5,1,1,67,V1,67,0,False,m64-n18-1028
m64-n18-1029,64,3.0,0.5,1,1,62,V1,62,0,False,m64-n18-1029
m64-n18-1030,64,3.5,0.5,1,1,62,V1,62,0,False,m64-n18-1030
m64-n18-1031,64,0.0,2.0,2,5,52,VC,52,0,False,m63-n24-1016
m64-n18-1032,64,0.0,2.0,2,5,55,VA,55,0,False,m63-n24-1017
m64-n18-1033,64,0.0,2.0,2,5,59,VA,59,0,False,m63-n24-1018
m65-n19-1034,65,0.0,3.0,1,1,78,VA,78,0,False,m65-n19-1034
m65-n19-1035,65,0.0,3.0,1,1,81,V2,81,0,False,m65-n19-1035
m65-n19-1036,65,0.0,3.0,1,1,90,V1,90,0,False,m65-n19-1036
m65-n19-1037,65,3.0,0.5,1,1,79,V2,79,0,False,m65-n19-1037
m65-n19-1038,65,3.0,0.5,1,1,91,V1,91,0,False,m65-n19-1038
m65-n19-1039,65,3.5,0.5,1,1,76,V2,76,0,False,m65-n19-1039
m65-n19-1040,65,3.5,0.5,1,1,88,V1,88,0,False,m65-n19-1040
m65-n19-1041,65,0.0,0.5,2,5,71,VA,71,0,False,m65-n19-1041
m65-n19-1042,65,0.0,0.5,2,5,74,V2,74,0,False,m65-n19-1042
m65-n19-1043,65,0.5,0.5,2,5,71,VA,71,0,False,m65-n19-1043
m65-n19-1044,65,0.5,0.5,2,5,74,V2,74,0,False,m65-n19-1044
m65-n19-1045,65,1.0,0.5,2,5,71,VA,71,0,False,m65-n19-1045
m65-n19-1046,65,1.0,0.5,2,5,74,V2,74,0,False,m65-n19-1046
m65-n19-1047,65,1.5,0.5,2,5,71,VA,71,0,False,m65-n19-1047
m65-n19-1048,65,1.5,0.5,2,5,74,V2,74,0,False,m65-n19-1048
m65-n19-1049,65,2.0,1.0,2,5,71,VA,71,0,False,m65-n19-1049
m65-n19-1050,65,2.0,1.0,2,5,74,V2,74,0,False,m65-n19-1050
m65-n19-1051,65,3.0,0.5,2,5,69,VA,69,0,False,m65-n19-1051
m65-n19-1052,65,3.5,0.5,2,5,72,VA,72,0,False,m65-n19-1052
m66-n7-1053,66,0.0,4.0,1,1,76,V2,76,0,False,m65-n19-1039
m66-n7-1054,66,0.0,4.0,1,1,88,V1,88,0,False,m65-n19-1040
m66-n7-1055,66,0.0,0.5,2,5,72,VA,72,0,False,m65-n19-1052
m66-n7-1056,66,0.5,1.0,2,5,71,VA,71,0,False,m66-n7-1056
m66-n7-1057,66,1.5,1.0,2,5,67,VA,67,0,False,m66-n7-1057
m66-n7-1058,66,2.5,1.0,2,5,69,VA,69,0,False,m66-n7-1058
m66-n7-1059,66,3.5,0.5,2,5,62,VA,62,0,False,m66-n7-1059
m67-n19-1060,67,0.0,3.0,1,1,78,VA,78,0,False,m67-n19-1060
m67-n19-1061,67,0.0,3.0,1,1,81,V2,81,0,False,m67-n19-1061
m67-n19-1062,67,0.0,3.0,1,1,90,V1,90,0,False,m67-n19-1062
m67-n19-1063,67,3.0,0.5,1,1,79,V2,79,0,False,m67-n19-1063
m67-n19-1064,67,3.0,0.5,1,1,91,V1,91,0,False,m67-n19-1064
m67-n19-1065,67,3.5,0.5,1,1,76,V2,76,0,False,m67-n19-1065
m67-n19-1066,67,3.5,0.5,1,1,88,V1,88,0,False,m67-n19-1066
m67-n19-1067,67,0.0,0.5,2,5,71,VA,71,0,False,m67-n19-1067
m67-n19-1068,67,0.0,0.5,2,5,74,V2,74,0,False,m67-n19-1068
m67-n19-1069,67,0.5,0.5,2,5,71,VA,71,0,False,m67-n19-1069
m67-n19-1070,67,0.5,0.5,2,5,74,V2,74,0,False,m67-n19-1070
m67-n19-1071,67,1.0,0.5,2,5,71,VA,71,0,False,m67-n19-1071
m67-n19-1072,67,1.0,0.5,2,5,74,V2,74,0,False,m67-n19-1072
m67-n19-1073,67,1.5,0.5,2,5,71,VA,71,0,False,m67-n19-1073
m67-n19-1074,67,1.5,0.5,2,5,74,V2,74,0,False,m67-n19-1074
m67-n19-1075,67,2.0,1.0,2,5,71,VA,71,0,False,m67-n19-1075
m67-n19-1076,67,2.0,1.0,2,5,74,V2,74,0,False,m67-n19-1076
m67-n19-1077,67,3.0,0.5,2,5,69,VA,69,0,False,m67-n19-1077
m67-n19-1078,67,3.5,0.5,2,5,71,VA,71,0,False,m67-n19-1078
m68-n5-1079,68,0.0,4.0,1,1,76,V2,76,0,False,m67-n19-1065
m68-n5-1080,68,0.0,4.0,1,1,88,V1,88,0,False,m67-n19-1066
m68-n5-1081,68,0.0,1.0,2,5,71,VA,71,0,False,m67-n19-1078
m69-n19-1082,69,0.0,3.0,1,1,78,VA,78,0,False,m69-n19-1082
m69-n19-1083,69,0.0,3.0,1,1,81,V2,81,0,False,m69-n19-1083
m69-n19-1084,69,0.0,3.0,1,1,90,V1,90,0,False,m69-n19-1084
m69-n19-1085,69,3.0,0.5,1,1,79,V2,79,0,False,m69-n19-1085
m69-n19-1086,69,3.0,0.5,1,1,91,V1,91,0,False,m69-n19-1086
m69-n19-1087,69,3.5,0.5,1,1,76,V2,76,0,False,m69-n19-1087
m69-n19-1088,69,3.5,0.5,1,1,88,V1,88,0,False,m69-n19-1088
m69-n19-1089,69,0.0,0.5,2,5,71,VA,71,0,False,m69-n19-1089
m69-n19-1090,69,0.0,0.5,2,5,74,V2,74,0,False,m69-n19-1090
m69-n19-1091,69,0.5,0.5,2,5,71,VA,71,0,False,m69-n19-1091
m69-n19-1092,69,0.5,0.5,2,5,74,V2,74,0,False,m69-n19-1092
m69-n19-1093,69,1.0,0.5,2,5,71,VA,71,0,False,m69-n19-1093
m69-n19-1094,69,1.0,0.5,2,5,74,V2,74,0,False,m69-n19-1094
m69-n19-1095,69,1.5,0.5,2,5,71,VA,71,0,False,m69-n19-1095
m69-n19-1096,69,1.5,0.5,2,5,74,V2,74,0,False,m69-n19-1096
m69-n19-1097,69,2.0,0.5,2,5,71,VA,71,0,False,m69-n19-1097
m69-n19-1098,69,2.0,0.5,2,5,74,V2,74,0,False,m69-n19-1098
m69-n19-1099,69,2.5,1.0,2,5,69,VA,69,0,False,m69-n19-1099
m69-n19-1100,69,3.5,0.5,2,5,72,VA,72,0,False,m69-n19-1100
m70-n7-1101,70,0.0,4.0,1,1,76,V2,76,0,False,m69-n19-1087
m70-n7-1102,70,0.0,4.0,1,1,88,V1,88,0,False,m69-n19-1088
m70-n7-1103,70,0.0,0.5,2,5,72,VA,72,0,False,m69-n19-1100
m70-n7-1104,70,0.5,1.0,2,5,71,VA,71,0,False,m70-n7-1104
m70-n7-1105,70,1.5,1.5,2,5,67,VA,67,0,False,m70-n7-1105
m70-n7-1106,70,3.0,0.5,2,5,64,VA,64,0,False,m70-n7-1106
m70-n7-1107,70,3.5,0.5,2,5,67,VA,67,0,False,m70-n7-1107
m71-n15-1108,71,1.5,0.5,1,1,71,V1,71,0,False,m71-n15-1108
m71-n15-1109,71,2.0,1.5,1,1,64,VA,64,0,False,m71-n15-1109
m71-n15-1110,71,2.0,1.5,1,1,67,V2,67,0,False,m71-n15-1110
m71-n15-1111,71,2.0,1.5,1,1,70,V1,70,0,False,m71-n15-1111
m71-n15-1112,71,3.5,0.5,1,1,71,V1,71,0,False,m71-n15-1112
m71-n15-1113,71,0.0,0.75,2,5,40,VC,40,0,False,m71-n15-1113
m71-n15-1114,71,0.75,0.25,2,5,47,VC,47,0,False,m71-n15-1114
m71-n15-1115,71,1.0,0.5,2,5,50,VC,50,0,False,m71-n15-1115
m71-n15-1116,71,1.5,0.5,2,5,47,VC,47,0,False,m71-n15-1116
m71-n15-1117,71,2.0,0.5,2,5,50,VC,50,0,False,m71-n15-1117
m71-n15-1118,71,2.5,0.5,2,5,47,VC,47,0,False,m71-n15-1118
m71-n15-1119,71,3.0,0.5,2,5,50,VC,50,0,False,m71-n15-1119
m71-n15-1120,71,3.5,0.5,2,5,52,VC,52,0,False,m71-n15-1120
m72-n27-1121,72,0.0,0.25,1,1,69,V1,69,0,False,m72-n27-1121
m72-n27-1122,72,0.25,0.25,1,1,67,V1,67,0,False,m72-n27-1122
m72-n27-1123,72,0.5,0.5,1,1,64,V1,64,0,False,m72-n27-1123
m72-n27-1124,72,2.5,0.5,1,1,64,V2,64,0,False,m72-n27-1124
m72-n27-1125,72,2.5,0.5,1,1,76,V1,76,0,False,m72-n27-1125
m72-n27-1126,72,3.0,0.5,1,1,66,V2,66,0,False,m72-n27-1126
m72-n27-1127,72,3.0,0.5,1,1,78,V1,78,0,False,m72-n27-1127
m72-n27-1128,72,3.75,0.25,1,1,67,V2,67,0,False,m72-n27-1128
m72-n27-1129,72,3.75,0.25,1,1,79,V1,79,0,False,m72-n27-1129
m72-n27-1130,72,0.0,0.5,2,5,40,VC,40,0,False,m72-n27-1130
m72-n27-1131,72,0.5,0.25,2,5,52,VC,52,0,False,m72-n27-1131
m72-n27-1132,72,0.75,0.25,2,5,50,VC,50,0,False,m72-n27-1132
m72-n27-1133,72,1.0,0.25,2,5,52,VC,52,0,False,m72-n27-1133
m72-n27-1134,72,1.25,0.25,2,5,50,VC,50,0,False,m72-n27-1134
m72-n27-1135,72,1.5,0.25,2,5,47,VC,47,0,False,m72-n27-1135
m72-n27-1136,72,1.75,0.25,2,5,50,VC,50,0,False,m72-n27-1136
m72-n27-1137,72,2.0,0.25,2,5,52,VC,52,0,False,m72-n27-1137
m72-n27-1138,72,2.25,0.25,2,5,50,VC,50,0,False,m72-n27-1138
m72-n27-1139,72,2.5,0.25,2,5,52,VC,52,0,False,m72-n27-1139
m72-n27-1140,72,2.75,0.25,2,5,50,VC,50,0,False,m72-n27-1140
m72-n27-1141,72,3.0,0.25,2,5,52,VC,52,0,False,m72-n27-1141
m72-n27-1142,72,3.25,0.25,2,5,50,VC,50,0,False,m72-n27-1142
m72-n27-1143,72,3.5,0.25,2,5,47,VC,47,0,False,m72-n27-1143
m72-n27-1144,72,3.75,0.25,2,5,50,VC,50,0,False,m72-n27-1144
m73-n20-1145,73,0.0,1.0,1,1,67,V2,55,-1,False,m73-n20-1145
m73-n20-1146,73,0.0,1.0,1,1,79,V1,67,-1,False,m73-n20-1146
m73-n20-1147,73,1.75,0.25,1,1,76,V2,64,-1,False,m73-n20-1147
m73-n20-1148,73,1.75,0.25,1,1,88,V1,76,-1,False,m73-n20-1148
m73-n20-1149,73,2.0,1.0,1,1,76,V2,64,-1,False,m73-n20-1149
m73-n20-1150,73,2.0,1.0,1,1,88,V1,76,-1,False,m73-n20-1150
m73-n20-1151,73,3.75,0.25,1,1,88,V2,76,-1,False,m73-n20-1151
m73-n20-1152,73,3.75,0.25,1,1,100,V1,88,-1,False,m73-n20-1152
m73-n20-1153,73,0.0,0.75,2,5,40,VC,40,0,False,m73-n20-1153
m73-n20-1154,73,0.75,0.25,2,5,47,VC,47,0,False,m73-n20-1154
m73-n20-1155,73,1.0,0.5,2,5,50,VC,50,0,False,m73-n20-1155
m73-n20-1156,73,1.5,0.5,2,5,47,VC,47,0,False,m73-n20-1156
m73-n20-1157,73,2.0,0.5,2,5,50,VC,50,0,False,m73-n20-1157
m73-n20-1158,73,2.5,0.5,2,5,47,VC,47,0,False,m73-n20-1158
m73-n20-1159,73,3.0,0.5,2,5,50,VC,50,0,False,m73-n20-1159
m73-n20-1160,73,3.5,0.5,2,5,52,VC,52,0,False,m73-n20-1160
m74-n20-1161,74,0.0,0.5,1,1,88,V2,76,-1,False,m74-n20-1161
m74-n20-1162,74,0.0,0.5,1,1,100,V1,88,-1,False,m74-n20-1162
m74-n20-1163,74,0.5,0.7,1,1,64,V2,64,0,False,m74-n20-1163
m74-n20-1164,74,0.5,0.7,1,1,76,V1,64,-1,False,m74-n20-1164
m74-n20-1165,74,1.2,0.7,1,1,66,V2,66,0,False,m74-n20-1165
m74-n20-1166,74,1.2,0.7,1,1,78,V1,66,-1,False,m74-n20-1166
m74-n20-1167,74,1.9,0.7,1,1,67,V2,55,-1,False,m74-n20-1167
m74-n20-1168,74,1.9,0.7,1,1,79,V1,67,-1,False,m74-n20-1168
m74-n20-1169,74,2.6,0.7,1,1,71,V2,59,-1,False,m74-n20-1169
m74-n20-1170,74,2.6,0.7,1,1,83,V1,71,-1,False,m74-n20-1170
m74-n20-1171,74,3.3,0.7,1,1,69,V2,57,-1,False,m74-n20-1171
m74-n20-1172,74,3.3,0.7,1,1,81,V1,69,-1,False,m74-n20-1172
m74-n20-1173,74,0.0,0.75,2,5,40,VC,40,0,False,m74-n20-1173
m74-n20-1174,74,0.75,0.25,2,5,47,VC,47,0,False,m74-n20-1174
m74-n20-1175,74,1.0,0.5,2,5,50,VC,50,0,False,m74-n20-1175
m74-n20-1176,74,1.5,0.5,2,5,47,VC,47,0,False,m74-n20-1176
m74-n20-1177,74,2.0,0.5,2,5,50,VC,50,0,False,m74-n20-1177
m74-n20-1178,74,2.5,0.5,2,5,47,VC,47,0,False,m74-n20-1178
m74-n20-1179,74,3.0,0.5,2,5,50,VC,50,0,False,m74-n20-1179
m74-n20-1180,74,3.5,0.5,2,5,52,VC,52,0,False,m74-n20-1180
m75-n20-1181,75,0.0,1.0,1,1,66,V2,66,0,False,m75-n20-1181
m75-n20-1182,75,0.0,1.0,1,1,78,V1,66,-1,False,m75-n20-1182
m75-n20-1183,75,1.75,0.25,1,1,78,V2,66,-1,False,m75-n20-1183
m75-n20-1184,75,1.75,0.25,1,1,90,V1,78,-1,False,m75-n20-1184
m75-n20-1185,75,2.0,1.0,1,1,78,V2,66,-1,False,m75-n20-1185
m75-n20-1186,75,2.0,1.0,1,1,90,V1,78,-1,False,m75-n20-1186
m75-n20-1187,75,3.75,0.25,1,1,90,V2,78,-1,False,m75-n20-1187
m75-n20-1188,75,3.75,0.25,1,1,102,V1,90,-1,False,m75-n20-1188
m75-n20-1189,75,0.0,0.75,2,5,35,VC,47,1,False,m75-n20-1189
m75-n20-1190,75,0.75,0.25,2,5,42,VC,42,0,False,m75-n20-1190
m75-n20-1191,75,1.0,0.5,2,5,45,VC,45,0,False,m75-n20-1191
m75-n20-1192,75,1.5,0.5,2,5,42,VC,42,0,False,m75-n20-1192
m75-n20-1193,75,2.0,0.5,2,5,45,VC,45,0,False,m75-n20-1193
m75-n20-1194,75,2.5,0.5,2,5,42,VC,42,0,False,m75-n20-1194
m75-n20-1195,75,3.0,0.5,2,5,45,VC,45,0,False,m75-n20-1195
m75-n20-1196,75,3.5,0.5,2,5,47,VC,47,0,False,m75-n20-1196
m76-n20-1197,76,0.0,0.5,1,1,90,V2,78,-1,False,m76-n20-1197
m76-n20-1198,76,0.0,0.5,1,1,102,V1,90,-1,False,m76-n20-1198
m76-n20-1199,76,0.5,0.7,1,1,62,V2,62,0,False,m76-n20-1199
m76-n20-1200,76,0.5,0.7,1,1,74,V1,62,-1,False,m76-n20-1200
m76-n20-1201,76,1.2,0.7,1,1,64,V2,64,0,False,m76-n20-1201
m76-n20-1202,76,1.2,0.7,1,1,76,V1,64,-1,False,m76-n20-1202
m76-n20-1203,76,1.9,0.7,1,1,66,V2,66,0,False,m76-n20-1203
m76-n20-1204,76,1.9,0.7,1,1,78,V1,66,-1,False,m76-n20-1204
m76-n20-1205,76,2.6,0.7,1,1,69,V2,57,-1,False,m76-n20-1205
m76-n20-1206,76,2.6,0.7,1,1,81,V1,69,-1,False,m76-n20-1206
m76-n20-1207,76,3.3,0.7,1,1,67,V2,55,-1,False,m76-n20-1207
m76-n20-1208,76,3.3,0.7,1,1,79,V1,67,-1,False,m76-n20-1208
m76-n20-1209,76,0.0,0.75,2,5,35,VC,47,1,False,m76-n20-1209
m76-n20-1210,76,0.75,0.25,2,5,42,VC,42,0,False,m76-n20-1210
m76-n20-1211,76,1.0,0.5,2,5,45,VC,45,0,False,m76-n20-1211
m76-n20-1212,76,1.5,0.5,2,5,42,VC,42,0,False,m76-n20-1212
m76-n20-1213,76,2.0,0.5,2,5,45,VC,45,0,False,m76-n20-1213
m76-n20-1214,76,2.5,0.5,2,5,42,VC,42,0,False,m76-n20-1214
m76-n20-1215,76,3.0,0.5,2,5,45,VC,45,0,False,m76-n20-1215
m76-n20-1216,76,3.5,0.5,2,5,47,VC,47,0,False,m76-n20-1216
m77-n19-1217,77,0.0,1.0,1,1,64,V2,64,0,False,m77-n19-1217
m77-n19-1218,77,0.0,1.0,1,1,76,V1,76,0,False,m77-n19-1218
m77-n19-1219,77,1.75,0.25,1,1,72,V2,72,0,False,m77-n19-1219
m77-n19-1220,77,1.75,0.25,1,1,84,V1,84,0,False,m77-n19-1220
m77-n19-1221,77,2.0,1.0,1,1,72,V2,72,0,False,m77-n19-1221
m77-n19-1222,77,2.0,1.0,1,1,84,V1,84,0,False,m77-n19-1222
m77-n19-1223,77,3.5,0.5,1,1,64,V2,64,0,False,m77-n19-1223
m77-n19-1224,77,3.5,0.5,1,1,76,V1,76,0,False,m77-n19-1224
m77-n19-1225,77,0.0,0.75,2,5,33,VC,45,1,False,m77-n19-1225
m77-n19-1226,77,0.75,0.25,2,5,40,VC,40,0,False,m77-n19-1226
m77-n19-1227,77,1.0,0.5,2,5,43,VC,43,0,False,m77-n19-1227
m77-n19-1228,77,1.5,0.5,2,5,40,VC,40,0,False,m77-n19-1228
m77-n19-1229,77,2.0,0.5,2,5,43,VC,43,0,False,m77-n19-1229
m77-n19-1230,77,2.5,0.5,2,5,40,VC,40,0,False,m77-n19-1230
m77-n19-1231,77,3.0,0.5,2,5,43,VC,43,0,False,m77-n19-1231
m77-n19-1232,77,3.5,0.5,2,5,45,VC,45,0,False,m77-n19-1232
m78-n22-1233,78,0.0,1.0,1,1,66,V2,66,0,False,m78-n22-1233
m78-n22-1234,78,0.0,1.0,1,1,78,V1,78,0,False,m78-n22-1234
m78-n22-1235,78,1.75,0.25,1,1,74,V2,74,0,False,m78-n22-1235
m78-n22-1236,78,1.75,0.25,1,1,86,V1,86,0,False,m78-n22-1236
m78-n22-1237,78,2.0,0.5,1,1,74,V2,74,0,False,m78-n22-1237
m78-n22-1238,78,2.0,0.5,1,1,86,V1,86,0,False,m78-n22-1238
m78-n22-1239,78,2.5,0.5,1,1,71,V2,71,0,False,m78-n22-1239
m78-n22-1240,78,2.5,0.5,1,1,83,V1,83,0,False,m78-n22-1240
m78-n22-1241,78,3.0,0.75,1,1,74,V2,74,0,False,m78-n22-1241
m78-n22-1242,78,3.0,0.75,1,1,86,V1,86,0,False,m78-n22-1242
m78-n22-1243,78,3.75,0.25,1,1,76,V2,76,0,False,m78-n22-1243
m78-n22-1244,78,3.75,0.25,1,1,88,V1,88,0,False,m78-n22-1244
m78-n22-1245,78,0.0,0.75,2,5,35,VC,47,1,False,m78-n22-1245
m78-n22-1246,78,0.75,0.25,2,5,42,VC,42,0,False,m78-n22-1246
m78-n22-1247,78,1.0,0.5,2,5,45,VC,45,0,False,m78-n22-1247
m78-n22-1248,78,1.5,0.5,2,5,42,VC,42,0,False,m78-n22-1248
m78-n22-1249,78,2.0,0.5,2,5,45,VC,45,0,False,m78-n22-1249
m78-n22-1250,78,2.5,0.5,2,5,42,VC,42,0,False,m78-n22-1250
m78-n22-1251,78,3.0,0.5,2,5,45,VC,45,0,False,m78-n22-1251
m78-n22-1252,78,3.5,0.5,2,5,47,VC,47,0,False,m78-n22-1252
m79-n16-1253,79,0.0,1.0,1,1,76,V2,76,0,False,m79-n16-1253
m79-n16-1254,79,0.0,1.0,1,1,88,V1,88,0,False,m79-n16-1254
m79-n16-1255,79,1.5,0.5,1,1,71,V1,71,0,False,m79-n16-1255
m79-n16-1256,79,2.0,1.5,1,1,64,VA,64,0,False,m79-n16-1256
m79-n16-1257,79,2.0,1.5,1,1,67,V2,67,0,False,m79-n16-1257
m79-n16-1258,79,2.0,1.5,1,1,70,V1,70,0,False,m79-n16-1258
m79-n16-1259,79,3.5,0.5,1,1,71,V1,71,0,False,m79-n16-1259
m79-n16-1260,79,0.0,0.75,2,5,40,VC,40,0,False,m79-n16-1260
m79-n16-1261,79,0.75,0.25,2,5,47,VC,47,0,False,m79-n16-1261
m79-n16-1262,79,1.0,0.5,2,5,50,VC,50,0,False,m79-n16-1262
m79-n16-1263,79,1.5,0.5,2,5,47,VC,47,0,False,m79-n16-1263
m79-n16-1264,79,2.0,0.5,2,5,50,VC,50,0,False,m79-n16-1264
m79-n16-1265,79,2.5,0.5,2,5,47,VC,47,0,False,m79-n16-1265
m79-n16-1266,79,3.0,0.5,2,5,50,VC,50,0,False,m79-n16-1266
m79-n16-1267,79,3.5,0.5,2,5,52,VC,52,0,False,m79-n16-1267
m80-n22-1268,80,0.0,0.25,1,1,69,V1,69,0,False,m80-n22-1268
m80-n22-1269,80,0.25,0.25,1,1,67,V1,67,0,False,m80-n22-1269
m80-n22-1270,80,0.5,0.5,1,1,64,V1,64,0,False,m80-n22-1270
m80-n22-1271,80,3.5,0.5,1,1,59,V1,59,0,False,m80-n22-1271
m80-n22-1272,80,0.0,0.5,2,5,40,VC,40,0,False,m80-n22-1272
m80-n22-1273,80,0.5,0.25,2,5,52,VC,52,0,False,m80-n22-1273
m80-n22-1274,80,0.75,0.25,2,5,50,VC,50,0,False,m80-n22-1274
m80-n22-1275,80,1.0,0.25,2,5,52,VC,52,0,False,m80-n22-1275
m80-n22-1276,80,1.25,0.25,2,5,50,VC,50,0,False,m80-n22-1276
m80-n22-1277,80,1.5,0.25,2,5,47,VC,47,0,False,m80-n22-1277
m80-n22-1278,80,1.75,0.25,2,5,50,VC,50,0,False,m80-n22-1278
m80-n22-1279,80,2.0,0.25,2,5,52,VC,52,0,False,m80-n22-1279
m80-n22-1280,80,2.25,0.25,2,5,50,VC,50,0,False,m80-n22-1280
m80-n22-1281,80,2.5,0.25,2,5,52,VC,52,0,False,m80-n22-1281
m80-n22-1282,80,2.75,0.25,2,5,50,VC,50,0,False,m80-n22-1282
m80-n22-1283,80,3.0,0.25,2,5,52,VC,52,0,False,m80-n22-1283
m80-n22-1284,80,3.25,0.25,2,5,50,VC,50,0,False,m80-n22-1284
m80-n22-1285,80,3.5,0.25,2,5,47,VC,47,0,False,m80-n22-1285
m80-n22-1286,80,3.75,0.25,2,5,50,VC,50,0,False,m80-n22-1286
m81-n19-1287,81,0.0,0.5,1,1,62,V1,62,0,False,m81-n19-1287
m81-n19-1288,81,0.5,0.5,1,1,64,V2,64,0,False,m81-n19-1288
m81-n19-1289,81,0.5,0.5,1,1,67,V1,67,0,False,m81-n19-1289
m81-n19-1290,81,1.0,0.5,1,1,64,V2,64,0,False,m81-n19-1290
m81-n19-1291,81,1.0,0.5,1,1,67,V1,67,0,False,m81-n19-1291
m81-n19-1292,81,1.5,0.5,1,1,64,V2,64,0,False,m81-n19-1292
m81-n19-1293,81,1.5,0.5,1,1,67,V1,67,0,False,m81-n19-1293
m81-n19-1294,81,2.0,0.25,1,1,62,V1,62,0,False,m81-n19-1294
m81-n19-1295,81,2.25,0.75,1,1,64,V2,64,0,False,m81-n19-1295
m81-n19-1296,81,2.25,0.75,1,1,76,V1,76,0,False,m81-n19-1296
m81-n19-1297,81,0.0,0.75,2,5,40,VC,40,0,False,m81-n19-1297
m81-n19-1298,81,0.75,0.25,2,5,47,VC,47,0,False,m81-n19-1298
m81-n19-1299,81,1.0,0.5,2,5,50,VC,50,0,False,m81-n19-1299
m81-n19-1300,81,1.5,0.5,2,5,47,VC,47,0,False,m81-n19-1300
m81-n19-1301,81,2.0,0.5,2,5,50,VC,50,0,False,m81-n19-1301
m81-n19-1302,81,2.5,0.5,2,5,47,VC,47,0,False,m81-n19-1302
m81-n19-1303,81,3.0,0.5,2,5,50,VC,50,0,False,m81-n19-1303
m81-n19-1304,81,3.5,0.5,2,5,52,VC,52,0,False,m81-n19-1304
m82-n16-1305,82,1.0,0.5,1,1,59,V1,59,0,False,m82-n16-1305
m82-n16-1306,82,1.5,0.5,1,1,62,V1,62,0,False,m82-n16-1306
m82-n16-1307,82,2.0,0.5,1,1,64,V1,64,0,False,m82-n16-1307
m82-n16-1308,82,2.5,0.25,1,1,67,V1,67,0,False,m82-n16-1308
m82-n16-1309,82,2.75,0.25,1,1,64,V1,64,0,False,m82-n16-1309
m82-n16-1310,82,3.5,0.5,1,1,62,V1,62,0,False,m82-n16-1310
m82-n16-1311,82,0.0,0.75,2,5,40,VC,40,0,False,m82-n16-1311
m82-n16-1312,82,0.75,0.25,2,5,47,VC,47,0,False,m82-n16-1312
m82-n16-1313,82,1.0,0.5,2,5,50,VC,50,0,False,m82-n16-1313
m82-n16-1314,82,1.5,0.5,2,5,47,VC,47,0,False,m82-n16-1314
m82-n16-1315,82,2.0,0.5,2,5,50,VC,50,0,False,m82-n16-1315
m82-n16-1316,82,2.5,0.5,2,5,47,VC,47,0,False,m82-n16-1316
m82-n16-1317,82,3.0,0.5,2,5,50,VC,50,0,False,m82-n16-1317
m82-n16-1318,82,3.5,0.5,2,5,52,VC,52,0,False,m82-n16-1318
m83-n16-1319,83,0.0,0.5,1,1,59,V1,59,0,False,m83-n16-1319
m83-n16-1320,83,0.5,0.5,1,1,59,V1,59,0,False,m83-n16-1320
m83-n16-1321,83,1.0,0.5,1,1,59,V1,59,0,False,m83-n16-1321
m83-n16-1322,83,1.5,0.5,1,1,57,V1,57,0,False,m83-n16-1322
m83-n16-1323,83,2.0,2.0,1,1,59,VA,59,0,False,m83-n16-1323
m83-n16-1324,83,2.0,2.0,1,1,62,VA,62,0,False,m83-n16-1324
m83-n16-1325,83,2.0,2.0,1,1,66,V2,66,0,False,m83-n16-1325
m83-n16-1326,83,2.0,2.0,1,1,71,V1,71,0,False,m83-n16-1326
m83-n16-1327,83,0.0,0.75,2,5,35,VC,47,1,False,m83-n16-1327
m83-n16-1328,83,0.75,0.25,2,5,42,VC,42,0,False,m83-n16-1328
m83-n16-1329,83,1.0,0.5,2,5,45,VC,45,0,False,m83-n16-1329
m83-n16-1330,83,1.5,0.5,2,5,42,VC,42,0,False,m83-n16-1330
m83-n16-1331,83,2.0,0.5,2,5,45,VC,45,0,False,m83-n16-1331
m83-n16-1332,83,2.5,0.5,2,5,42,VC,42,0,False,m83-n16-1332
m83-n16-1333,83,3.0,0.5,2,5,45,VC,45,0,False,m83-n16-1333
m83-n16-1334,83,3.5,0.5,2,5,47,VC,47,0,False,m83-n16-1334
m84-n12-1335,84,3.5,0.5,1,1,52,V1,64,1,False,m84-n12-1335
m84-n12-1336,84,0.0,0.75,2,5,35,VC,47,1,False,m84-n12-1336
m84-n12-1337,84,0.75,0.25,2,5,42,VC,42,0,False,m84-n12-1337
m84-n12-1338,84,1.0,0.5,2,5,45,VC,45,0,False,m84-n12-1338
m84-n12-1339,84,1.5,0.5,2,5,42,VC,42,0,False,m84-n12-1339
m84-n12-1340,84,2.0,0.5,2,5,45,VC,45,0,False,m84-n12-1340
m84-n12-1341,84,2.5,0.5,2,5,42,VC,42,0,False,m84-n12-1341
m84-n12-1342,84,3.0,0.5,2,5,45,VC,45,0,False,m84-n12-1342
m84-n12-1343,84,3.5,0.5,2,5,47,VC,47,0,False,m84-n12-1343
m85-n16-1344,85,0.0,0.5,1,1,59,V1,59,0,False,m85-n16-1344
m85-n16-1345,85,0.5,0.5,1,1,55,V1,55,0,False,m85-n16-1345
m85-n16-1346,85,1.0,0.5,1,1,55,V1,55,0,False,m85-n16-1346
m85-n16-1347,85,1.5,0.25,1,1,52,V1,64,1,False,m85-n16-1347
m85-n16-1348,85,1.75,0.25,1,1,55,V1,55,0,False,m85-n16-1348
m85-n16-1349,85,2.0,1.0,1,1,55,V1,55,0,False,m85-n16-1348
m85-n16-1350,85,3.5,0.5,1,1,59,V1,59,0,False,m85-n16-1350
m85-n16-1351,85,0.0,0.75,2,5,33,VC,45,1,False,m85-n16-1351
m85-n16-1352,85,0.75,0.25,2,5,40,VC,40,0,False,m85-n16-1352
m85-n16-1353,85,1.0,0.5,2,5,43,VC,43,0,False,m85-n16-1353
m85-n16-1354,85,1.5,0.5,2,5,40,VC,40,0,False,m85-n16-1354
m85-n16-1355,85,2.0,0.5,2,5,43,VC,43,0,False,m85-n16-1355
m85-n16-1356,85,2.5,0.5,2,5,40,VC,40,0,False,m85-n16-1356
m85-n16-1357,85,3.0,0.5,2,5,43,VC,43,0,False,m85-n16-1357
m85-n16-1358,85,3.5,0.5,2,5,45,VC,45,0,False,m85-n16-1358
m86-n16-1359,86,0.0,0.5,1,1,64,V1,64,0,False,m86-n16-1359
m86-n16-1360,86,0.5,0.5,1,1,62,V1,62,0,False,m86-n16-1360
m86-n16-1361,86,1.0,0.5,1,1,62,V1,62,0,False,m86-n16-1361
m86-n16-1362,86,1.5,0.25,1,1,59,V1,59,0,False,m86-n16-1362
m86-n16-1363,86,1.75,0.25,1,1,62,V1,62,0,False,m86-n16-1363
m86-n16-1364,86,3.5,0.5,1,1,59,V1,59,0,False,m86-n16-1364
m86-n16-1365,86,0.0,0.75,2,5,35,VC,47,1,False,m86-n16-1365
m86-n16-1366,86,0.75,0.25,2,5,42,VC,42,0,False,m86-n16-1366
m86-n16-1367,86,1.0,0.5,2,5,45,VC,45,0,False,m86-n16-1367
m86-n16-1368,86,1.5,0.5,2,5,42,VC,42,0,False,m86-n16-1368
m86-n16-1369,86,2.0,0.5,2,5,45,VC,45,0,False,m86-n16-1369
m86-n16-1370,86,2.5,0.5,2,5,42,VC,42,0,False,m86-n16-1370
m86-n16-1371,86,3.0,0.5,2,5,45,VC,45,0,False,m86-n16-1371
m86-n16-1372,86,3.5,0.5,2,5,47,VC,47,0,False,m86-n16-1372
m87-n16-1373,87,0.0,0.5,1,1,64,V1,64,0,False,m87-n16-1373
m87-n16-1374,87,0.5,0.5,1,1,60,V1,60,0,False,m87-n16-1374
m87-n16-1375,87,1.0,0.5,1,1,60,V1,60,0,False,m87-n16-1375
m87-n16-1376,87,1.5,0.25,1,1,59,V1,59,0,False,m87-n16-1376
m87-n16-1377,87,1.75,0.25,1,1,60,V1,60,0,False,m87-n16-1377
m87-n16-1378,87,2.0,1.0,1,1,60,V1,60,0,False,m87-n16-1377
m87-n16-1379,87,3.5,0.5,1,1,71,V1,71,0,False,m87-n16-1379
m87-n16-1380,87,0.0,1.0,2,5,36,VC,36,0,False,m87-n16-1380
m87-n16-1381,87,0.0,1.0,2,5,48,VA,48,0,False,m87-n16-1381
m87-n16-1382,87,1.0,1.0,2,5,36,VC,36,0,False,m87-n16-1382
m87-n16-1383,87,1.0,1.0,2,5,48,VA,48,0,False,m87-n16-1383
m87-n16-1384,87,2.0,1.0,2,5,36,VC,36,0,False,m87-n16-1384
m87-n16-1385,87,2.0,1.0,2,5,48,VA,48,0,False,m87-n16-1385
m87-n16-1386,87,3.0,1.0,2,5,36,VC,36,0,False,m87-n16-1386
m87-n16-1387,87,3.0,1.0,2,5,48,VA,48,0,False,m87-n16-1387
m88-n20-1388,88,0.0,0.5,1,1,76,V1,76,0,False,m88-n20-1388
m88-n20-1389,88,0.5,0.5,1,1,72,V1,72,0,False,m88-n20-1389
m88-n20-1390,88,1.0,0.5,1,1,72,V1,72,0,False,m88-n20-1390
m88-n20-1391,88,1.5,0.25,1,1,76,V1,76,0,False,m88-n20-1391
m88-n20-1392,88,1.75,0.25,1,1,79,V1,79,0,False,m88-n20-1392
m88-n20-1393,88,2.0,0.5,1,1,79,V1,79,0,False,m88-n20-1392
m88-n20-1394,88,2.5,0.25,1,1,71,V1,71,0,False,m88-n20-1394
m88-n20-1395,88,2.75,0.25,1,1,74,V1,74,0,False,m88-n20-1395
m88-n20-1396,88,3.0,0.25,1,1,76,V1,76,0,False,m88-n20-1396
m88-n20-1397,88,3.25,0.25,1,1,79,V1,79,0,False,m88-n20-1397
m88-n20-1398,88,3.5,0.25,1,1,83,V1,83,0,False,m88-n20-1398
m88-n20-1399,88,3.75,0.25,1,1,88,V1,88,0,False,m88-n20-1399
m88-n20-1400,88,0.0,1.0,2,5,38,VC,38,0,False,m88-n20-1400
m88-n20-1401,88,0.0,1.0,2,5,50,VA,50,0,False,m88-n20-1401
m88-n20-1402,88,1.0,1.0,2,5,38,VC,38,0,False,m88-n20-1402
m88-n20-1403,88,1.0,1.0,2,5,50,VA,50,0,False,m88-n20-1403
m88-n20-1404,88,2.0,1.0,2,5,38,VC,38,0,False,m88-n20-1404
m88-n20-1405,88,2.0,1.0,2,5,50,VA,50,0,False,m88-n20-1405
m88-n20-1406,88,3.0,1.0,2,5,38,VC,38,0,False,m88-n20-1406
m88-n20-1407,88,3.0,1.0,2,5,50,VA,50,0,False,m88-n20-1407
m89-n24-1408,89,0.0,3.0,1,1,78,VA,78,0,False,m89-n24-1408
m89-n24-1409,89,0.0,3.0,1,1,81,V2,81,0,False,m89-n24-1409
m89-n24-1410,89,0.0,3.0,1,1,86,V1,86,0,False,m89-n24-1410
m89-n24-1411,89,3.0,0.5,1,1,76,VA,76,0,False,m89-n24-1411
m89-n24-1412,89,3.0,0.5,1,1,83,V2,83,0,False,m89-n24-1412
m89-n24-1413,89,3.0,0.5,1,1,88,V1,88,0,False,m89-n24-1413
m89-n24-1414,89,3.5,0.5,1,1,64,VA,64,0,False,m89-n24-1414
m89-n24-1415,89,3.5,0.5,1,1,67,VA,67,0,False,m89-n24-1415
m89-n24-1416,89,3.5,0.5,1,1,71,V2,71,0,False,m89-n24-1416
m89-n24-1417,89,3.5,0.5,1,1,76,V1,76,0,False,m89-n24-1417
m89-n24-1418,89,0.0,1.0,2,5,38,VC,38,0,False,m89-n24-1418
m89-n24-1419,89,0.0,1.0,2,5,42,VC,42,0,False,m89-n24-1419
m89-n24-1420,89,0.0,1.0,2,5,45,VC,45,0,False,m89-n24-1420
m89-n24-1421,89,2.0,0.5,2,5,50,VC,50,0,False,m89-n24-1421
m89-n24-1422,89,2.0,0.5,2,5,62,V2,62,0,False,m89-n24-1422
m89-n24-1423,89,2.5,0.5,2,5,50,VC,50,0,False,m89-n24-1423
m89-n24-1424,89,2.5,0.5,2,5,62,V2,62,0,False,m89-n24-1424
m89-n24-1425,89,3.0,0.5,2,5,52,VC,52,0,False,m89-n24-1425
m89-n24-1426,89,3.0,0.5,2,5,59,VA,59,0,False,m89-n24-1426
m89-n24-1427,89,3.0,0.5,2,5,64,V2,64,0,False,m89-n24-1427
m89-n24-1428,89,3.5,0.5,2,5,55,VC,55,0,False,m89-n24-1428
m89-n24-1429,89,3.5,0.5,2,5,62,VA,62,0,False,m89-n24-1429
m89-n24-1430,89,3.5,0.5,2,5,67,V2,67,0,False,m89-n24-1430
m90-n12-1431,90,0.0,4.0,1,1,64,VA,64,0,False,m89-n24-1414
m90-n12-1432,90,0.0,4.0,1,1,67,VA,67,0,False,m89-n24-1415
m90-n12-1433,90,0.0,4.0,1,1,71,V2,71,0,False,m89-n24-1416
m90-n12-1434,90,0.0,4.0,1,1,76,V1,76,0,False,m89-n24-1417
m90-n12-1435,90,0.0,0.5,2,5,55,VC,55,0,False,m89-n24-1428
m90-n12-1436,90,0.0,0.5,2,5,62,VA,62,0,False,m89-n24-1429
m90-n12-1437,90,0.0,0.5,2,5,67,V2,67,0,False,m89-n24-1430
m90-n12-1438,90,0.5,1.5,2,5,52,VC,52,0,False,m90-n12-1438
m90-n12-1439,90,0.5,1.5,2,5,55,VA,55,0,False,m90-n12-1439
m90-n12-1440,90,0.5,1.5,2,5,59,VA,59,0,False,m90-n12-1440
m90-n12-1441,90,0.5,1.5,2,5,64,V2,64,0,False,m90-n12-1441
m91-n25-1442,91,0.0,3.0,1,1,74,VA,74,0,False,m91-n25-1442
m91-n25-1443,91,0.0,3.0,1,1,78,VA,78,0,False,m91-n25-1443
m91-n25-1444,91,0.0,3.0,1,1,81,V2,81,0,False,m91-n25-1444
m91-n25-1445,91,0.0,3.0,1,1,86,V1,86,0,False,m91-n25-1445
m91-n25-1446,91,3.0,0.5,1,1,76,VA,76,0,False,m91-n25-1446
m91-n25-1447,91,3.0,0.5,1,1,79,VA,79,0,False,m91-n25-1447
m91-n25-1448,91,3.0,0.5,1,1,83,V2,83,0,False,m91-n25-1448
m91-n25-1449,91,3.0,0.5,1,1,88,V1,88,0,False,m91-n25-1449
m91-n25-1450,91,3.5,0.5,1,1,64,VA,64,0,False,m91-n25-1450
m91-n25-1451,91,3.5,0.5,1,1,67,VA,67,0,False,m91-n25-1451
m91-n25-1452,91,3.5,0.5,1,1,71,V2,71,0,False,m91-n25-1452
m91-n25-1453,91,3.5,0.5,1,1,76,V1,76,0,False,m91-n25-1453
m91-n25-1454,91,0.0,1.0,2,5,38,VC,38,0,False,m91-n25-1454
m91-n25-1455,91,0.0,1.0,2,5,42,VC,42,0,False,m91-n25-1455
m91-n25-1456,91,0.0,1.0,2,5,45,VC,45,0,False,m91-n25-1456
m91-n25-1457,91,2.0,0.5,2,5,50,VC,50,0,False,m91-n25-1457
m91-n25-1458,91,2.0,0.5,2,5,62,V2,62,0,False,m91-n25-1458
m91-n25-1459,91,2.5,0.5,2,5,52,VC,52,0,False,m91-n25-1459
m91-n25-1460,91,2.5,0.5,2,5,64,V2,64,0,False,m91-n25-1460
m91-n25-1461,91,3.0,0.5,2,5,55,VC,55,0,False,m91-n25-1461
m91-n25-1462,91,3.0,0.5,2,5,67,V2,67,0,False,m91-n25-1462
m91-n25-1463,91,3.5,0.5,2,5,52,VC,52,0,False,m91-n25-1463
m91-n25-1464,91,3.5,0.5,2,5,55,VA,55,0,False,m91-n25-1464
m91-n25-1465,91,3.5,0.5,2,5,59,VA,59,0,False,m91-n25-1465
m92-n20-1466,92,0.0,0.5,1,1,64,VA,64,0,False,m91-n25-1450
m92-n20-1467,92,0.0,0.5,1,1,67,VA,67,0,False,m91-n25-1451
m92-n20-1468,92,0.0,0.5,1,1,71,V2,71,0,False,m91-n25-1452
m92-n20-1469,92,0.0,0.5,1,1,76,V1,76,0,False,m91-n25-1453
m92-n20-1470,92,0.5,0.5,1,1,59,VA,59,0,False,m92-n20-1470
m92-n20-1471,92,0.5,0.5,1,1,64,V2,64,0,False,m92-n20-1471
m92-n20-1472,92,0.5,0.5,1,1,67,V1,67,0,False,m92-n20-1472
m92-n20-1473,92,1.5,0.5,1,1,59,VA,59,0,False,m92-n20-1473
m92-n20-1474,92,1.5,0.5,1,1,64,V2,64,0,False,m92-n20-1474
m92-n20-1475,92,1.5,0.5,1,1,67,V1,67,0,False,m92-n20-1475
m92-n20-1476,92,2.5,0.5,1,1,59,VA,59,0,False,m92-n20-1476
m92-n20-1477,92,2.5,0.5,1,1,64,V2,64,0,False,m92-n20-1477
m92-n20-1478,92,2.5,0.5,1,1,67,V1,67,0,False,m92-n20-1478
m92-n20-1479,92,0.0,2.0,2,5,52,VC,52,0,False,m91-n25-1463
m92-n20-1480,92,0.0,2.0,2,5,55,VA,55,0,False,m91-n25-1464
m92-n20-1481,92,0.0,2.0,2,5,59,VA,59,0,False,m91-n25-1465
m93-n24-1482,93,0.0,3.0,1,1,74,VA,74,0,False,m93-n24-1482
m93-n24-1483,93,0.0,3.0,1,1,81,V2,81,0,False,m93-n24-1483
m93-n24-1484,93,0.0,3.0,1,1,86,V1,86,0,False,m93-n24-1484
m93-n24-1485,93,3.0,0.5,1,1,76,VA,76,0,False,m93-n24-1485
m93-n24-1486,93,3.0,0.5,1,1,83,V2,83,0,False,m93-n24-1486
m93-n24-1487,93,3.0,0.5,1,1,88,V1,88,0,False,m93-n24-1487
m93-n24-1488,93,3.5,0.5,1,1,64,VA,64,0,False,m93-n24-1488
m93-n24-1489,93,3.5,0.5,1,1,67,VA,67,0,False,m93-n24-1489
m93-n24-1490,93,3.5,0.5,1,1,71,V2,71,0,False,m93-n24-1490
m93-n24-1491,93,3.5,0.5,1,1,76,V1,76,0,False,m93-n24-1491
m93-n24-1492,93,0.0,1.0,2,5,38,VC,38,0,False,m93-n24-1492
m93-n24-1493,93,0.0,1.0,2,5,42,VC,42,0,False,m93-n24-1493
m93-n24-1494,93,0.0,1.0,2,5,45,VC,45,0,False,m93-n24-1494
m93-n24-1495,93,2.0,0.5,2,5,50,VC,50,0,False,m93-n24-1495
m93-n24-1496,93,2.0,0.5,2,5,62,V2,62,0,False,m93-n24-1496
m93-n24-1497,93,2.5,0.5,2,5,50,VC,50,0,False,m93-n24-1497
m93-n24-1498,93,2.5,0.5,2,5,62,V2,62,0,False,m93-n24-1498
m93-n24-1499,93,3.0,0.5,2,5,52,VC,52,0,False,m93-n24-1499
m93-n24-1500,93,3.0,0.5,2,5,59,VA,59,0,False,m93-n24-1500
m93-n24-1501,93,3.0,0.5,2,5,64,V2,64,0,False,m93-n24-1501
m93-n24-1502,93,3.5,0.5,2,5,55,VC,55,0,False,m93-n24-1502
m93-n24-1503,93,3.5,0.5,2,5,62,VA,62,0,False,m93-n24-1503
m93-n24-1504,93,3.5,0.5,2,5,67,V2,67,0,False,m93-n24-1504
m94-n12-1505,94,0.0,4.0,1,1,64,VA,64,0,False,m93-n24-1488
m94-n12-1506,94,0.0,4.0,1,1,67,VA,67,0,False,m93-n24-1489
m94-n12-1507,94,0.0,4.0,1,1,71,V2,71,0,False,m93-n24-1490
m94-n12-1508,94,0.0,4.0,1,1,76,V1,76,0,False,m93-n24-1491
m94-n12-1509,94,0.0,0.5,2,5,55,VC,55,0,False,m93-n24-1502
m94-n12-1510,94,0.0,0.5,2,5,62,VA,62,0,False,m93-n24-1503
m94-n12-1511,94,0.0,0.5,2,5,67,V2,67,0,False,m93-n24-1504
m94-n12-1512,94,0.5,1.5,2,5,52,VC,52,0,False,m94-n12-1512
m94-n12-1513,94,0.5,1.5,2,5,55,VA,55,0,False,m94-n12-1513
m94-n12-1514,94,0.5,1.5,2,5,59,VA,59,0,False,m94-n12-1514
m94-n12-1515,94,0.5,1.5,2,5,64,V2,64,0,False,m94-n12-1515
m95-n24-1516,95,0.0,3.0,1,1,74,VA,74,0,False,m95-n24-1516
m95-n24-1517,95,0.0,3.0,1,1,81,V2,81,0,False,m95-n24-1517
m95-n24-1518,95,0.0,3.0,1,1,86,V1,86,0,False,m95-n24-1518
m95-n24-1519,95,3.0,0.5,1,1,76,VA,76,0,False,m95-n24-1519
m95-n24-1520,95,3.0,0.5,1,1,79,VA,79,0,False,m95-n24-1520
m95-n24-1521,95,3.0,0.5,1,1,83,V2,83,0,False,m95-n24-1521
m95-n24-1522,95,3.0,0.5,1,1,88,V1,88,0,False,m95-n24-1522
m95-n24-1523,95,3.5,0.5,1,1,64,VA,64,0,False,m95-n24-1523
m95-n24-1524,95,3.5,0.5,1,1,67,VA,67,0,False,m95-n24-1524
m95-n24-1525,95,3.5,0.5,1,1,71,V2,71,0,False,m95-n24-1525
m95-n24-1526,95,3.5,0.5,1,1,76,V1,76,0,False,m95-n24-1526
m95-n24-1527,95,0.0,1.0,2,5,38,VC,38,0,False,m95-n24-1527
m95-n24-1528,95,0.0,1.0,2,5,42,VC,42,0,False,m95-n24-1528
m95-n24-1529,95,0.0,1.0,2,5,45,VC,45,0,False,m95-n24-1529
m95-n24-1530,95,2.0,0.5,2,5,50,VC,50,0,False,m95-n24-1530
m95-n24-1531,95,2.0,0.5,2,5,62,V2,62,0,False,m95-n24-1531
m95-n24-1532,95,2.5,0.5,2,5,52,VC,52,0,False,m95-n24-1532
m95-n24-1533,95,2.5,0.5,2,5,64,V2,64,0,False,m95-n24-1533
m95-n24-1534,95,3.0,0.5,2,5,55,VC,55,0,False,m95-n24-1534
m95-n24-1535,95,3.0,0.5,2,5,67,V2,67,0,False,m95-n24-1535
m95-n24-1536,95,3.5,0.5,2,5,52,VC,52,0,False,m95-n24-1536
m95-n24-1537,95,3.5,0.5,2,5,55,VA,55,0,False,m95-n24-1537
m95-n24-1538,95,3.5,0.5,2,5,59,VA,59,0,False,m95-n24-1538
m96-n18-1539,96,0.0,0.5,1,1,64,VA,64,0,False,m95-n24-1523
m96-n18-1540,96,0.0,0.5,1,1,67,VA,67,0,False,m95-n24-1524
m96-n18-1541,96,0.0,0.5,1,1,71,V2,71,0,False,m95-n24-1525
m96-n18-1542,96,0.0,0.5,1,1,76,V1,76,0,False,m95-n24-1526
m96-n18-1543,96,0.5,0.5,1,1,59,VA,59,0,False,m96-n18-1543
m96-n18-1544,96,0.5,0.5,1,1,64,V2,64,0,False,m96-n18-1544
m96-n18-1545,96,0.5,0.5,1,1,67,V1,67,0,False,m96-n18-1545
m96-n18-1546,96,1.5,0.5,1,1,59,VA,59,0,False,m96-n18-1546
m96-n18-1547,96,1.5,0.5,1,1,64,V2,64,0,False,m96-n18-1547
m96-n18-1548,96,1.5,0.5,1,1,67,V1,67,0,False,m96-n18-1548
m96-n18-1549,96,3.0,0.5,1,1,62,V1,62,0,False,m96-n18-1549
m96-n18-1550,96,3.5,0.5,1,1,62,V1,62,0,False,m96-n18-1550
m96-n18-1551,96,0.0,2.0,2,5,52,VC,52,0,False,m95-n24-1536
m96-n18-1552,96,0.0,2.0,2,5,55,VA,55,0,False,m95-n24-1537
m96-n18-1553,96,0.0,2.0,2,5,59,VA,59,0,False,m95-n24-1538
m97-n19-1554,97,0.0,3.0,1,1,78,VA,78,0,False,m97-n19-1554
m97-n19-1555,97,0.0,3.0,1,1,81,V2,81,0,False,m97-n19-1555
m97-n19-1556,97,0.0,3.0,1,1,90,V1,90,0,False,m97-n19-1556
m97-n19-1557,97,3.0,0.5,1,1,79,V2,79,0,False,m97-n19-1557
m97-n19-1558,97,3.0,0.5,1,1,91,V1,91,0,False,m97-n19-1558
m97-n19-1559,97,3.5,0.5,1,1,76,V2,76,0,False,m97-n19-1559
m97-n19-1560,97,3.5,0.5,1,1,88,V1,88,0,False,m97-n19-1560
m97-n19-1561,97,0.0,0.5,2,5,71,VA,71,0,False,m97-n19-1561
m97-n19-1562,97,0.0,0.5,2,5,74,V2,74,0,False,m97-n19-1562
m97-n19-1563,97,0.5,0.5,2,5,71,VA,71,0,False,m97-n19-1563
m97-n19-1564,97,0.5,0.5,2,5,74,V2,74,0,False,m97-n19-1564
m97-n19-1565,97,1.0,0.5,2,5,71,VA,71,0,False,m97-n19-1565
m97-n19-1566,97,1.0,0.5,2,5,74,V2,74,0,False,m97-n19-1566
m97-n19-1567,97,1.5,0.5,2,5,71,VA,71,0,False,m97-n19-1567
m97-n19-1568,97,1.5,0.5,2,5,74,V2,74,0,False,m97-n19-1568
m97-n19-1569,97,2.0,1.0,2,5,71,VA,71,0,False,m97-n19-1569
m97-n19-1570,97,2.0,1.0,2,5,74,V2,74,0,False,m97-n19-1570
m97-n19-1571,97,3.0,0.5,2,5,69,VA,69,0,False,m97-n19-1571
m97-n19-1572,97,3.5,0.5,2,5,72,VA,72,0,False,m97-n19-1572
m98-n7-1573,98,0.0,4.0,1,1,76,V2,76,0,False,m97-n19-1559
m98-n7-1574,98,0.0,4.0,1,1,88,V1,88,0,False,m97-n19-1560
m98-n7-1575,98,0.0,0.5,2,5,72,VA,72,0,False,m97-n19-1572
m98-n7-1576,98,0.5,1.0,2,5,71,VA,71,0,False,m98-n7-1576
m98-n7-1577,98,1.5,1.0,2,5,67,VA,67,0,False,m98-n7-1577
m98-n7-1578,98,2.5,1.0,2,5,69,VA,69,0,False,m98-n7-1578
m98-n7-1579,98,3.5,0.5,2,5,62,VA,62,0,False,m98-n7-1579
m99-n19-1580,99,0.0,3.0,1,1,78,VA,78,0,False,m99-n19-1580
m99-n19-1581,99,0.0,3.0,1,1,81,V2,81,0,False,m99-n19-1581
m99-n19-1582,99,0.0,3.0,1,1,90,V1,90,0,False,m99-n19-1582
m99-n19-1583,99,3.0,0.5,1,1,79,V2,79,0,False,m99-n19-1583
m99-n19-1584,99,3.0,0.5,1,1,91,V1,91,0,False,m99-n19-1584
m99-n19-1585,99,3.5,0.5,1,1,76,V2,76,0,False,m99-n19-1585
m99-n19-1586,99,3.5,0.5,1,1,88,V1,88,0,False,m99-n19-1586
m99-n19-1587,99,0.0,0.5,2,5,71,VA,71,0,False,m99-n19-1587
m99-n19-1588,99,0.0,0.5,2,5,74,V2,74,0,False,m99-n19-1588
m99-n19-1589,99,0.5,0.5,2,5,71,VA,71,0,False,m99-n19-1589
m99-n19-1590,99,0.5,0.5,2,5,74,V2,74,0,False,m99-n19-1590
m99-n19-1591,99,1.0,0.5,2,5,71,VA,71,0,False,m99-n19-1591
m99-n19-1592,99,1.0,0.5,2,5,74,V2,74,0,False,m99-n19-1592
m99-n19-1593,99,1.5,0.5,2,5,71,VA,71,0,False,m99-n19-1593
m99-n19-1594,99,1.5,0.5,2,5,74,V2,74,0,False,m99-n19-1594
m99-n19-1595,99,2.0,1.0,2,5,71,VA,71,0,False,m99-n19-1595
m99-n19-1596,99,2.0,1.0,2,5,74,V2,74,0,False,m99-n19-1596
m99-n19-1597,99,3.0,0.5,2,5,69,VA,69,0,False,m99-n19-1597
m99-n19-1598,99,3.5,0.5,2,5,71,VA,71,0,False,m99-n19-1598
m100-n5-1599,100,0.0,4.0,1,1,76,V2,76,0,False,m99-n19-1585
m100-n5-1600,100,0.0,4.0,1,1,88,V1,88,0,False,m99-n19-1586
m100-n5-1601,100,0.0,1.0,2,5,71,VA,71,0,False,m99-n19-1598
m101-n19-1602,101,0.0,3.0,1,1,78,VA,78,0,False,m101-n19-1602
m101-n19-1603,101,0.0,3.0,1,1,81,V2,81,0,False,m101-n19-1603
m101-n19-1604,101,0.0,3.0,1,1,90,V1,90,0,False,m101-n19-1604
m101-n19-1605,101,3.0,0.5,1,1,79,V2,79,0,False,m101-n19-1605
m101-n19-1606,101,3.0,0.5,1,1,91,V1,91,0,False,m101-n19-1606
m101-n19-1607,101,3.5,0.5,1,1,76,V2,76,0,False,m101-n19-1607
m101-n19-1608,101,3.5,0.5,1,1,88,V1,88,0,False,m101-n19-1608
m101-n19-1609,101,0.0,0.5,2,5,71,VA,71,0,False,m101-n19-1609
m101-n19-1610,101,0.0,0.5,2,5,74,V2,74,0,False,m101-n19-1610
m101-n19-1611,101,0.5,0.5,2,5,71,VA,71,0,False,m101-n19-1611
m101-n19-1612,101,0.5,0.5,2,5,74,V2,74,0,False,m101-n19-1612
m101-n19-1613,101,1.0,0.5,2,5,71,VA,71,0,False,m101-n19-1613
m101-n19-1614,101,1.0,0.5,2,5,74,V2,74,0,False,m101-n19-1614
m101-n19-1615,101,1.5,0.5,2,5,71,VA,71,0,False,m101-n19-1615
m101-n19-1616,101,1.5,0.5,2,5,74,V2,74,0,False,m101-n19-1616
m101-n19-1617,101,2.0,0.5,2,5,71,VA,71,0,False,m101-n19-1617
m101-n19-1618,101,2.0,0.5,2,5,74,V2,74,0,False,m101-n19-1618
m101-n19-1619,101,2.5,1.0,2,5,69,VA,69,0,False,m101-n19-1619
m101-n19-1620,101,3.5,0.5,2,5,72,VA,72,0,False,m101-n19-1620
m102-n7-1621,102,0.0,4.0,1,1,76,V2,76,0,False,m101-n19-1607
m102-n7-1622,102,0.0,4.0,1,1,88,V1,88,0,False,m101-n19-1608
m102-n7-1623,102,0.0,0.5,2,5,72,VA,72,0,False,m101-n19-1620
m102-n7-1624,102,0.5,1.0,2,5,71,VA,71,0,False,m102-n7-1624
m102-n7-1625,102,1.5,1.5,2,5,67,VA,67,0,False,m102-n7-1625
m102-n7-1626,102,3.0,0.5,2,5,64,VA,64,0,False,m102-n7-1626
m102-n7-1627,102,3.5,0.5,2,5,67,VA,67,0,False,m102-n7-1627
m103-n16-1628,103,0.0,0.5,2,5,40,VC,40,0,False,m103-n16-1628
m103-n16-1629,103,0.5,0.25,2,5,52,VC,52,0,False,m103-n16-1629
m103-n16-1630,103,0.75,0.25,2,5,50,VC,50,0,False,m103-n16-1630
m103-n16-1631,103,1.0,0.25,2,5,52,VC,52,0,False,m103-n16-1631
m103-n16-1632,103,1.25,0.25,2,5,50,VC,50,0,False,m103-n16-1632
m103-n16-1633,103,1.5,0.25,2,5,47,VC,47,0,False,m103-n16-1633
m103-n16-1634,103,1.75,0.25,2,5,50,VC,50,0,False,m103-n16-1634
m103-n16-1635,103,2.0,0.25,2,5,52,VC,52,0,False,m103-n16-1635
m103-n16-1636,103,2.25,0.25,2,5,50,VC,50,0,False,m103-n16-1636
m103-n16-1637,103,2.5,0.25,2,5,52,VC,52,0,False,m103-n16-1637
m103-n16-1638,103,2.75,0.25,2,5,50,VC,50,0,False,m103-n16-1638
m103-n16-1639,103,3.0,0.25,2,5,52,VC,52,0,False,m103-n16-1639
m103-n16-1640,103,3.25,0.25,2,5,50,VC,50,0,False,m103-n16-1640
m103-n16-1641,103,3.5,0.25,2,5,47,VC,47,0,False,m103-n16-1641
m103-n16-1642,103,3.75,0.25,2,5,50,VC,50,0,False,m103-n16-1642
m104-n19-1643,104,0.0,3.0,1,1,78,VA,78,0,False,m104-n19-1643
m104-n19-1644,104,0.0,3.0,1,1,81,V2,81,0,False,m104-n19-1644
m104-n19-1645,104,0.0,3.0,1,1,90,V1,90,0,False,m104-n19-1645
m104-n19-1646,104,3.0,0.5,1,1,79,V2,79,0,False,m104-n19-1646
m104-n19-1647,104,3.0,0.5,1,1,91,V1,91,0,False,m104-n19-1647
m104-n19-1648,104,3.5,0.5,1,1,76,V2,76,0,False,m104-n19-1648
m104-n19-1649,104,3.5,0.5,1,1,88,V1,88,0,False,m104-n19-1649
m104-n19-1650,104,0.0,0.5,2,5,71,VA,71,0,False,m104-n19-1650
m104-n19-1651,104,0.0,0.5,2,5,74,V2,74,0,False,m104-n19-1651
m104-n19-1652,104,0.5,0.5,2,5,71,VA,71,0,False,m104-n19-1652
m104-n19-1653,104,0.5,0.5,2,5,74,V2,74,0,False,m104-n19-1653
m104-n19-1654,104,1.0,0.5,2,5,71,VA,71,0,False,m104-n19-1654
m104-n19-1655,104,1.0,0.5,2,5,74,V2,74,0,False,m104-n19-1655
m104-n19-1656,104,1.5,0.5,2,5,71,VA,71,0,False,m104-n19-1656
m104-n19-1657,104,1.5,0.5,2,5,74,V2,74,0,False,m104-n19-1657
m104-n19-1658,104,2.0,1.0,2,5,71,VA,71,0,False,m104-n19-1658
m104-n19-1659,104,2.0,1.0,2,5,74,V2,74,0,False,m104-n19-1659
m104-n19-1660,104,3.0,0.5,2,5,69,VA,69,0,False,m104-n19-1660
m104-n19-1661,104,3.5,0.5,2,5,72,VA,72,0,False,m104-n19-1661
m105-n7-1662,105,0.0,4.0,1,1,76,V2,76,0,False,m104-n19-1648
m105-n7-1663,105,0.0,4.0,1,1,88,V1,88,0,False,m104-n19-1649
m105-n7-1664,105,0.0,0.5,2,5,72,VA,72,0,False,m104-n19-1661
m105-n7-1665,105,0.5,1.0,2,5,71,VA,71,0,False,m105-n7-1665
m105-n7-1666,105,1.5,1.0,2,5,67,VA,67,0,False,m105-n7-1666
m105-n7-1667,105,2.5,1.0,2,5,69,VA,69,0,False,m105-n7-1667
m105-n7-1668,105,3.5,0.5,2,5,62,VA,62,0,False,m105-n7-1668
m106-n19-1669,106,0.0,3.0,1,1,78,VA,78,0,False,m106-n19-1669
m106-n19-1670,106,0.0,3.0,1,1,81,V2,81,0,False,m106-n19-1670
m106-n19-1671,106,0.0,3.0,1,1,90,V1,90,0,False,m106-n19-1671
m106-n19-1672,106,3.0,0.5,1,1,79,V2,79,0,False,m106-n19-1672
m106-n19-1673,106,3.0,0.5,1,1,91,V1,91,0,False,m106-n19-1673
m106-n19-1674,106,3.5,0.5,1,1,76,V2,76,0,False,m106-n19-1674
m106-n19-1675,106,3.5,0.5,1,1,88,V1,88,0,False,m106-n19-1675
m106-n19-1676,106,0.0,0.5,2,5,71,VA,71,0,False,m106-n19-1676
m106-n19-1677,106,0.0,0.5,2,5,74,V2,74,0,False,m106-n19-1677
m106-n19-1678,106,0.5,0.5,2,5,71,VA,71,0,False,m106-n19-1678
m106-n19-1679,106,0.5,0.5,2,5,74,V2,74,0,False,m106-n19-1679
m106-n19-1680,106,1.0,0.5,2,5,71,VA,71,0,False,m106-n19-1680
m106-n19-1681,106,1.0,0.5,2,5,74,V2,74,0,False,m106-n19-1681
m106-n19-1682,106,1.5,0.5,2,5,71,VA,71,0,False,m106-n19-1682
m106-n19-1683,106,1.5,0.5,2,5,74,V2,74,0,False,m106-n19-1683
m106-n19-1684,106,2.0,1.0,2,5,71,VA,71,0,False,m106-n19-1684
m106-n19-1685,106,2.0,1.0,2,5,74,V2,74,0,False,m106-n19-1685
m106-n19-1686,106,3.0,0.5,2,5,69,VA,69,0,False,m106-n19-1686
m106-n19-1687,106,3.5,0.5,2,5,71,VA,71,0,False,m106-n19-1687
m107-n5-1688,107,0.0,4.0,1,1,76,V2,76,0,False,m106-n19-1674
m107-n5-1689,107,0.0,4.0,1,1,88,V1,88,0,False,m106-n19-1675
m107-n5-1690,107,0.0,1.0,2,5,71,VA,71,0,False,m106-n19-1687
m108-n19-1691,108,0.0,3.0,1,1,78,VA,78,0,False,m108-n19-1691
m108-n19-1692,108,0.0,3.0,1,1,81,V2,81,0,False,m108-n19-1692
m108-n19-1693,108,0.0,3.0,1,1,90,V1,90,0,False,m108-n19-1693
m108-n19-1694,108,3.0,0.5,1,1,79,V2,79,0,False,m108-n19-1694
m108-n19-1695,108,3.0,0.5,1,1,91,V1,91,0,False,m108-n19-1695
m108-n19-1696,108,3.5,0.5,1,1,76,V2,76,0,False,m108-n19-1696
m108-n19-1697,108,3.5,0.5,1,1,88,V1,88,0,False,m108-n19-1697
m108-n19-1698,108,0.0,0.5,2,5,71,VA,71,0,False,m108-n19-1698
m108-n19-1699,108,0.0,0.5,2,5,74,V2,74,0,False,m108-n19-1699
m108-n19-1700,108,0.5,0.5,2,5,71,VA,71,0,False,m108-n19-1700
m108-n19-1701,108,0.5,0.5,2,5,74,V2,74,0,False,m108-n19-1701
m108-n19-1702,108,1.0,0.5,2,5,71,VA,71,0,False,m108-n19-1702
m108-n19-1703,108,1.0,0.5,2,5,74,V2,74,0,False,m108-n19-1703
m108-n19-1704,108,1.5,0.5,2,5,71,VA,71,0,False,m108-n19-1704
m108-n19-1705,108,1.5,0.5,2,5,74,V2,74,0,False,m108-n19-1705
m108-n19-1706,108,2.0,0.5,2,5,71,VA,71,0,False,m108-n19-1706
m108-n19-1707,108,2.0,0.5,2,5,74,V2,74,0,False,m108-n19-1707
m108-n19-1708,108,2.5,1.0,2,5,69,VA,69,0,False,m108-n19-1708
m108-n19-1709,108,3.5,0.5,2,5,72,VA,72,0,False,m108-n19-1709
m109-n7-1710,109,0.0,4.0,1,1,76,V2,76,0,False,m108-n19-1696
m109-n7-1711,109,0.0,4.0,1,1,88,V1,88,0,False,m108-n19-1697
m109-n7-1712,109,0.0,0.5,2,5,72,VA,72,0,False,m108-n19-1709
m109-n7-1713,109,0.5,1.0,2,5,71,VA,71,0,False,m109-n7-1713
m109-n7-1714,109,1.5,1.5,2,5,67,VA,67,0,False,m109-n7-1714
m109-n7-1715,109,3.0,0.5,2,5,64,VA,64,0,False,m109-n7-1715
m109-n7-1716,109,3.5,0.5,2,5,67,VA,67,0,False,m109-n7-1716
m110-n16-1717,110,0.5,0.25,2,5,52,VC,52,0,False,m110-n16-1717
m110-n16-1718,110,0.75,0.25,2,5,50,VC,50,0,False,m110-n16-1718
m110-n16-1719,110,1.0,0.25,2,5,52,VC,52,0,False,m110-n16-1719
m110-n16-1720,110,1.25,0.25,2,5,50,VC,50,0,False,m110-n16-1720
m110-n16-1721,110,1.5,0.25,2,5,47,VC,47,0,False,m110-n16-1721
m110-n16-1722,110,1.75,0.25,2,5,50,VC,50,0,False,m110-n16-1722
m110-n16-1723,110,2.0,0.25,2,5,52,VC,52,0,False,m110-n16-1723
m110-n16-1724,110,2.25,0.25,2,5,50,VC,50,0,False,m110-n16-1724
m110-n16-1725,110,2.5,0.25,2,5,52,VC,52,0,False,m110-n16-1725
m110-n16-1726,110,2.75,0.25,2,5,50,VC,50,0,False,m110-n16-1726
m110-n16-1727,110,3.0,0.25,2,5,52,VC,52,0,False,m110-n16-1727
m110-n16-1728,110,3.25,0.25,2,5,50,VC,50,0,False,m110-n16-1728
m110-n16-1729,110,3.5,0.25,2,5,47,VC,47,0,False,m110-n16-1729
m110-n16-1730,110,3.75,0.25,2,5,50,VC,50,0,False,m110-n16-1730
m111-n12-1731,111,0.0,3.0,1,1,74,VA,74,0,False,m111-n12-1731
m111-n12-1732,111,0.0,3.0,1,1,78,VA,78,0,False,m111-n12-1732
m111-n12-1733,111,0.0,3.0,1,1,81,V2,81,0,False,m111-n12-1733
m111-n12-1734,111,0.0,3.0,1,1,86,V1,86,0,False,m111-n12-1734
m111-n12-1735,111,3.0,0.5,1,1,76,VA,76,0,False,m111-n12-1735
m111-n12-1736,111,3.0,0.5,1,1,83,V2,83,0,False,m111-n12-1736
m111-n12-1737,111,3.0,0.5,1,1,88,V1,88,0,False,m111-n12-1737
m111-n12-1738,111,3.5,0.5,1,1,64,VA,64,0,False,m111-n12-1738
m111-n12-1739,111,3.5,0.5,1,1,67,VA,67,0,False,m111-n12-1739
m111-n12-1740,111,3.5,0.5,1,1,71,V2,71,0,False,m111-n12-1740
m111-n12-1741,111,3.5,0.5,1,1,76,V1,76,0,False,m111-n12-1741
m111-n12-1742,111,0.0,4.0,2,5,55,VC,55,0,False,m111-n12-1742
m112-n21-1743,112,0.0,4.0,1,1,64,VA,64,0,False,m111-n12-1738
m112-n21-1744,112,0.0,4.0,1,1,67,VA,67,0,False,m111-n12-1739
m112-n21-1745,112,0.0,4.0,1,1,71,V2,71,0,False,m111-n12-1740
m112-n21-1746,112,0.0,4.0,1,1,76,V1,76,0,False,m111-n12-1741
m112-n21-1747,112,0.5,0.25,1,2,76,V1,76,0,False,m112-n21-1747
m112-n21-1748,112,0.75,0.25,1,2,74,V1,74,0,False,m112-n21-1748
m112-n21-1749,112,1.0,0.25,1,2,76,V1,76,0,False,m112-n21-1749
m112-n21-1750,112,1.25,0.25,1,2,74,V1,74,0,False,m112-n21-1750
m112-n21-1751,112,1.5,0.25,1,2,71,V1,71,0,False,m112-n21-1751
m112-n21-1752,112,1.75,0.25,1,2,74,V1,74,0,False,m112-n21-1752
m112-n21-1753,112,2.0,0.25,1,2,76,V1,76,0,False,m112-n21-1753
m112-n21-1754,112,2.25,0.25,1,2,74,V1,74,0,False,m112-n21-1754
m112-n21-1755,112,2.5,0.25,1,2,76,V1,76,0,False,m112-n21-1755
m112-n21-1756,112,2.75,0.25,1,2,74,V1,74,0,False,m112-n21-1756
m112-n21-1757,112,3.0,0.25,1,2,76,V1,76,0,False,m112-n21-1757
m112-n21-1758,112,3.25,0.25,1,2,74,V1,74,0,False,m112-n21-1758
m112-n21-1759,112,3.5,0.25,1,2,71,V1,71,0,False,m112-n21-1759
m112-n21-1760,112,3.75,0.25,1,2,74,V1,74,0,False,m112-n21-1760
m112-n21-1761,112,0.0,2.0,2,5,48,VC,48,0,False,m112-n21-1761
m112-n21-1762,112,2.0,1.0,2,5,53,VC,53,0,False,m112-n21-1762
m112-n21-1763,112,3.0,1.0,2,5,54,VC,54,0,False,m112-n21-1763
m113-n12-1764,113,0.0,3.0,1,1,74,VA,74,0,False,m113-n12-1764
m113-n12-1765,113,0.0,3.0,1,1,78,VA,78,0,False,m113-n12-1765
m113-n12-1766,113,0.0,3.0,1,1,81,V2,81,0,False,m113-n12-1766
m113-n12-1767,113,0.0,3.0,1,1,86,V1,86,0,False,m113-n12-1767
m113-n12-1768,113,3.0,0.5,1,1,76,VA,76,0,False,m113-n12-1768
m113-n12-1769,113,3.0,0.5,1,1,83,V2,83,0,False,m113-n12-1769
m113-n12-1770,113,3.0,0.5,1,1,88,V1,88,0,False,m113-n12-1770
m113-n12-1771,113,3.5,0.5,1,1,64,VA,64,0,False,m113-n12-1771
m113-n12-1772,113,3.5,0.5,1,1,67,VA,67,0,False,m113-n12-1772
m113-n12-1773,113,3.5,0.5,1,1,71,V2,71,0,False,m113-n12-1773
m113-n12-1774,113,3.5,0.5,1,1,76,V1,76,0,False,m113-n12-1774
m113-n12-1775,113,0.0,4.0,2,5,55,VC,55,0,False,m113-n12-1775
m114-n22-1776,114,0.0,4.0,1,1,64,VA,64,0,False,m113-n12-1771
m114-n22-1777,114,0.0,4.0,1,1,67,VA,67,0,False,m113-n12-1772
m114-n22-1778,114,0.0,4.0,1,1,71,V2,71,0,False,m113-n12-1773
m114-n22-1779,114,0.0,4.0,1,1,76,V1,76,0,False,m113-n12-1774
m114-n22-1780,114,0.5,0.25,1,2,76,V1,76,0,False,m114-n22-1780
m114-n22-1781,114,0.75,0.25,1,2,74,V1,74,0,False,m114-n22-1781
m114-n22-1782,114,1.0,0.25,1,2,76,V1,76,0,False,m114-n22-1782
m114-n22-1783,114,1.25,0.25,1,2,74,V1,74,0,False,m114-n22-1783
m114-n22-1784,114,1.5,0.25,1,2,71,V1,71,0,False,m114-n22-1784
m114-n22-1785,114,1.75,0.25,1,2,74,V1,74,0,False,m114-n22-1785
m114-n22-1786,114,2.0,0.25,1,2,76,V1,76,0,False,m114-n22-1786
m114-n22-1787,114,2.25,0.25,1,2,74,V1,74,0,False,m114-n22-1787
m114-n22-1788,114,2.5,0.25,1,2,76,V1,76,0,False,m114-n22-1788
m114-n22-1789,114,2.75,0.25,1,2,74,V1,74,0,False,m114-n22-1789
m114-n22-1790,114,3.0,0.25,1,2,76,V1,76,0,False,m114-n22-1790
m114-n22-1791,114,3.25,0.25,1,2,74,V1,74,0,False,m114-n22-1791
m114-n22-1792,114,3.5,0.25,1,2,71,V1,71,0,False,m114-n22-1792
m114-n22-1793,114,3.75,0.25,1,2,74,V1,74,0,False,m114-n22-1793
m114-n22-1794,114,0.0,1.0,2,5,48,VC,48,0,False,m114-n22-1794
m114-n22-1795,114,1.0,1.0,2,5,52,VC,52,0,False,m114-n22-1795
m114-n22-1796,114,2.0,1.0,2,5,50,VC,50,0,False,m114-n22-1796
m114-n22-1797,114,3.0,1.0,2,5,48,VC,48,0,False,m114-n22-1797
m115-n12-1798,115,0.0,3.0,1,1,74,VA,74,0,False,m115-n12-1798
m115-n12-1799,115,0.0,3.0,1,1,78,VA,78,0,False,m115-n12-1799
m115-n12-1800,115,0.0,3.0,1,1,81,V2,81,0,False,m115-n12-1800
m115-n12-1801,115,0.0,3.0,1,1,86,V1,86,0,False,m115-n12-1801
m115-n12-1802,115,3.0,0.5,1,1,76,VA,76,0,False,m115-n12-1802
m115-n12-1803,115,3.0,0.5,1,1,83,V2,83,0,False,m115-n12-1803
m115-n12-1804,115,3.0,0.5,1,1,88,V1,88,0,False,m115-n12-1804
m115-n12-1805,115,3.5,0.5,1,1,64,VA,64,0,False,m115-n12-1805
m115-n12-1806,115,3.5,0.5,1,1,67,VA,67,0,False,m115-n12-1806
m115-n12-1807,115,3.5,0.5,1,1,71,V2,71,0,False,m115-n12-1807
m115-n12-1808,115,3.5,0.5,1,1,76,V1,76,0,False,m115-n12-1808
m115-n12-1809,115,0.0,4.0,2,5,47,VC,47,0,False,m115-n12-1809
m116-n22-1810,116,0.0,4.0,1,1,64,VA,64,0,False,m115-n12-1805
m116-n22-1811,116,0.0,4.0,1,1,67,VA,67,0,False,m115-n12-1806
m116-n22-1812,116,0.0,4.0,1,1,71,V2,71,0,False,m115-n12-1807
m116-n22-1813,116,0.0,4.0,1,1,76,V1,76,0,False,m115-n12-1808
m116-n22-1814,116,0.5,0.25,1,2,76,V1,76,0,False,m116-n22-1814
m116-n22-1815,116,0.75,0.25,1,2,74,V1,74,0,False,m116-n22-1815
m116-n22-1816,116,1.0,0.25,1,2,76,V1,76,0,False,m116-n22-1816
m116-n22-1817,116,1.25,0.25,1,2,74,V1,74,0,False,m116-n22-1817
m116-n22-1818,116,1.5,0.25,1,2,71,V1,71,0,False,m116-n22-1818
m116-n22-1819,116,1.75,0.25,1,2,74,V1,74,0,False,m116-n22-1819
m116-n22-1820,116,2.0,0.25,1,2,76,V1,76,0,False,m116-n22-1820
m116-n22-1821,116,2.25,0.25,1,2,74,V1,74,0,False,m116-n22-1821
m116-n22-1822,116,2.5,0.25,1,2,76,V1,76,0,False,m116-n22-1822
m116-n22-1823,116,2.75,0.25,1,2,74,V1,74,0,False,m116-n22-1823
m116-n22-1824,116,3.0,0.25,1,2,76,V1,76,0,False,m116-n22-1824
m116-n22-1825,116,3.25,0.25,1,2,74,V1,74,0,False,m116-n22-1825
m116-n22-1826,116,3.5,0.25,1,2,71,V1,71,0,False,m116-n22-1826
m116-n22-1827,116,3.75,0.25,1,2,74,V1,74,0,False,m116-n22-1827
m116-n22-1828,116,0.0,1.0,2,5,45,VC,45,0,False,m116-n22-1828
m116-n22-1829,116,1.0,1.0,2,5,48,VC,48,0,False,m116-n22-1829
m116-n22-1830,116,2.0,1.0,2,5,52,VC,52,0,False,m116-n22-1830
m116-n22-1831,116,3.0,1.0,2,5,54,VC,54,0,False,m116-n22-1831
m117-n8-1832,117,0.0,3.0,1,1,78,VA,78,0,False,m117-n8-1832
m117-n8-1833,117,0.0,3.0,1,1,81,V2,81,0,False,m117-n8-1833
m117-n8-1834,117,0.0,3.0,1,1,90,V1,90,0,False,m117-n8-1834
m117-n8-1835,117,3.0,0.5,1,1,79,V2,79,0,False,m117-n8-1835
m117-n8-1836,117,3.0,0.5,1,1,91,V1,91,0,False,m117-n8-1836
m117-n8-1837,117,3.5,0.5,1,1,76,V2,76,0,False,m117-n8-1837
m117-n8-1838,117,3.5,0.5,1,1,88,V1,88,0,False,m117-n8-1838
m117-n8-1839,117,0.0,4.0,2,5,55,VC,55,0,False,m117-n8-1839
m118-n19-1840,118,0.0,4.0,1,1,76,V2,76,0,False,m117-n8-1837
m118-n19-1841,118,0.0,4.0,1,1,88,V1,88,0,False,m117-n8-1838
m118-n19-1842,118,0.5,0.25,1,2,76,V1,76,0,False,m118-n19-1842
m118-n19-1843,118,0.75,0.25,1,2,74,V1,74,0,False,m118-n19-1843
m118-n19-1844,118,1.0,0.25,1,2,76,V1,76,0,False,m118-n19-1844
m118-n19-1845,118,1.25,0.25,1,2,74,V1,74,0,False,m118-n19-1845
m118-n19-1846,118,1.5,0.25,1,2,71,V1,71,0,False,m118-n19-1846
m118-n19-1847,118,1.75,0.25,1,2,74,V1,74,0,False,m118-n19-1847
m118-n19-1848,118,2.0,0.25,1,2,76,V1,76,0,False,m118-n19-1848
m118-n19-1849,118,2.25,0.25,1,2,74,V1,74,0,False,m118-n19-1849
m118-n19-1850,118,2.5,0.25,1,2,76,V1,76,0,False,m118-n19-1850
m118-n19-1851,118,2.75,0.25,1,2,74,V1,74,0,False,m118-n19-1851
m118-n19-1852,118,3.0,0.25,1,2,76,V1,76,0,False,m118-n19-1852
m118-n19-1853,118,3.25,0.25,1,2,74,V1,74,0,False,m118-n19-1853
m118-n19-1854,118,3.5,0.25,1,2,71,V1,71,0,False,m118-n19-1854
m118-n19-1855,118,3.75,0.25,1,2,74,V1,74,0,False,m118-n19-1855
m118-n19-1856,118,0.0,2.0,2,5,48,VC,48,0,False,m118-n19-1856
m118-n19-1857,118,2.0,1.0,2,5,53,VC,53,0,False,m118-n19-1857
m118-n19-1858,118,3.0,1.0,2,5,54,VC,54,0,False,m118-n19-1858
m119-n8-1859,119,0.0,3.0,1,1,78,VA,78,0,False,m119-n8-1859
m119-n8-1860,119,0.0,3.0,1,1,81,V2,81,0,False,m119-n8-1860
m119-n8-1861,119,0.0,3.0,1,1,90,V1,90,0,False,m119-n8-1861
m119-n8-1862,119,3.0,0.5,1,1,79,V2,79,0,False,m119-n8-1862
m119-n8-1863,119,3.0,0.5,1,1,91,V1,91,0,False,m119-n8-1863
m119-n8-1864,119,3.5,0.5,1,1,76,V2,76,0,False,m119-n8-1864
m119-n8-1865,119,3.5,0.5,1,1,88,V1,88,0,False,m119-n8-1865
m119-n8-1866,119,0.0,4.0,2,5,55,VC,55,0,False,m119-n8-1866
m120-n20-1867,120,0.0,4.0,1,1,76,V2,76,0,False,m119-n8-1864
m120-n20-1868,120,0.0,4.0,1,1,88,V1,88,0,False,m119-n8-1865
m120-n20-1869,120,0.5,0.25,1,2,76,V1,76,0,False,m120-n20-1869
m120-n20-1870,120,0.75,0.25,1,2,74,V1,74,0,False,m120-n20-1870
m120-n20-1871,120,1.0,0.25,1,2,76,V1,76,0,False,m120-n20-1871
m120-n20-1872,120,1.25,0.25,1,2,74,V1,74,0,False,m120-n20-1872
m120-n20-1873,120,1.5,0.25,1,2,71,V1,71,0,False,m120-n20-1873
m120-n20-1874,120,1.75,0.25,1,2,74,V1,74,0,False,m120-n20-1874
m120-n20-1875,120,2.0,0.25,1,2,76,V1,76,0,False,m120-n20-1875
m120-n20-1876,120,2.25,0.25,1,2,74,V1,74,0,False,m120-n20-1876
m120-n20-1877,120,2.5,0.25,1,2,76,V1,76,0,False,m120-n20-1877
m120-n20-1878,120,2.75,0.25,1,2,74,V1,74,0,False,m120-n20-1878
m120-n20-1879,120,3.0,0.25,1,2,76,V1,76,0,False,m120-n20-1879
m120-n20-1880,120,3.25,0.25,1,2,74,V1,74,0,False,m120-n20-1880
m120-n20-1881,120,3.5,0.25,1,2,71,V1,71,0,False,m120-n20-1881
m120-n20-1882,120,3.75,0.25,1,2,74,V1,74,0,False,m120-n20-1882
m120-n20-1883,120,0.0,1.0,2,5,48,VC,48,0,False,m120-n20-1883
m120-n20-1884,120,1.0,1.0,2,5,52,VC,52,0,False,m120-n20-1884
m120-n20-1885,120,2.0,1.0,2,5,50,VC,50,0,False,m120-n20-1885
m120-n20-1886,120,3.0,1.0,2,5,48,VC,48,0,False,m120-n20-1886
m121-n8-1887,121,0.0,3.0,1,1,78,VA,78,0,False,m121-n8-1887
m121-n8-1888,121,0.0,3.0,1,1,81,V2,81,0,False,m121-n8-1888
m121-n8-1889,121,0.0,3.0,1,1,90,V1,90,0,False,m121-n8-1889
m121-n8-1890,121,3.0,0.5,1,1,79,V2,79,0,False,m121-n8-1890
m121-n8-1891,121,3.0,0.5,1,1,91,V1,91,0,False,m121-n8-1891
m121-n8-1892,121,3.5,0.5,1,1,76,V2,76,0,False,m121-n8-1892
m121-n8-1893,121,3.5,0.5,1,1,88,V1,88,0,False,m121-n8-1893
m121-n8-1894,121,0.0,4.0,2,5,47,VC,47,0,False,m121-n8-1894
m122-n20-1895,122,0.0,4.0,1,1,76,V2,76,0,False,m121-n8-1892
m122-n20-1896,122,0.0,4.0,1,1,88,V1,88,0,False,m121-n8-1893
m122-n20-1897,122,0.5,0.25,1,2,76,V1,76,0,False,m122-n20-1897
m122-n20-1898,122,0.75,0.25,1,2,74,V1,74,0,False,m122-n20-1898
m122-n20-1899,122,1.0,0.25,1,2,76,V1,76,0,False,m122-n20-1899
m122-n20-1900,122,1.25,0.25,1,2,74,V1,74,0,False,m122-n20-1900
m122-n20-1901,122,1.5,0.25,1,2,71,V1,71,0,False,m122-n20-1901
m122-n20-1902,122,1.75,0.25,1,2,74,V1,74,0,False,m122-n20-1902
m122-n20-1903,122,2.0,0.25,1,2,76,V1,76,0,False,m122-n20-1903
m122-n20-1904,122,2.25,0.25,1,2,74,V1,74,0,False,m122-n20-1904
m122-n20-1905,122,2.5,0.25,1,2,76,V1,76,0,False,m122-n20-1905
m122-n20-1906,122,2.75,0.25,1,2,74,V1,74,0,False,m122-n20-1906
m122-n20-1907,122,3.0,0.25,1,2,76,V1,76,0,False,m122-n20-1907
m122-n20-1908,122,3.25,0.25,1,2,74,V1,74,0,False,m122-n20-1908
m122-n20-1909,122,3.5,0.25,1,2,71,V1,71,0,False,m122-n20-1909
m122-n20-1910,122,3.75,0.25,1,2,74,V1,74,0,False,m122-n20-1910
m122-n20-1911,122,0.0,1.0,2,5,45,VC,45,0,False,m122-n20-1911
m122-n20-1912,122,1.0,1.0,2,5,48,VC,48,0,False,m122-n20-1912
m122-n20-1913,122,2.0,1.0,2,5,52,VC,52,0,False,m122-n20-1913
m122-n20-1914,122,3.0,1.0,2,5,54,VC,54,0,False,m122-n20-1914
m123-n30-1915,123,0.5,0.25,1,1,76,V1,76,0,False,m123-n30-1915
m123-n30-1916,123,0.75,0.25,1,1,74,V1,74,0,False,m123-n30-1916
m123-n30-1917,123,1.0,0.25,1,1,76,V1,76,0,False,m123-n30-1917
m123-n30-1918,123,1.25,0.25,1,1,74,V1,74,0,False,m123-n30-1918
m123-n30-1919,123,1.5,0.25,1,1,71,V1,71,0,False,m123-n30-1919
m123-n30-1920,123,1.75,0.25,1,1,74,V1,74,0,False,m123-n30-1920
m123-n30-1921,123,2.0,0.25,1,1,76,V1,76,0,False,m123-n30-1921
m123-n30-1922,123,2.25,0.25,1,1,74,V1,74,0,False,m123-n30-1922
m123-n30-1923,123,2.5,0.25,1,1,76,V1,76,0,False,m123-n30-1923
m123-n30-1924,123,2.75,0.25,1,1,74,V1,74,0,False,m123-n30-1924
m123-n30-1925,123,3.0,0.25,1,1,76,V1,76,0,False,m123-n30-1925
m123-n30-1926,123,3.25,0.25,1,1,74,V1,74,0,False,m123-n30-1926
m123-n30-1927,123,3.5,0.25,1,1,71,V1,71,0,False,m123-n30-1927
m123-n30-1928,123,3.75,0.25,1,1,74,V1,74,0,False,m123-n30-1928
m123-n30-1929,123,0.5,0.25,2,5,52,VC,52,0,False,m123-n30-1929
m123-n30-1930,123,0.75,0.25,2,5,50,VC,50,0,False,m123-n30-1930
m123-n30-1931,123,1.0,0.25,2,5,52,VC,52,0,False,m123-n30-1931
m123-n30-1932,123,1.25,0.25,2,5,50,VC,50,0,False,m123-n30-1932
m123-n30-1933,123,1.5,0.25,2,5,47,VC,47,0,False,m123-n30-1933
m123-n30-1934,123,1.75,0.25,2,5,50,VC,50,0,False,m123-n30-1934
m123-n30-1935,123,2.0,0.25,2,5,52,VC,52,0,False,m123-n30-1935
m123-n30-1936,123,2.25,0.25,2,5,50,VC,50,0,False,m123-n30-1936
m123-n30-1937,123,2.5,0.25,2,5,52,VC,52,0,False,m123-n30-1937
m123-n30-1938,123,2.75,0.25,2,5,50,VC,50,0,False,m123-n30-1938
m123-n30-1939,123,3.0,0.25,2,5,52,VC,52,0,False,m123-n30-1939
m123-n30-1940,123,3.25,0.25,2,5,50,VC,50,0,False,m123-n30-1940
m123-n30-1941,123,3.5,0.25,2,5,47,VC,47,0,False,m123-n30-1941
m123-n30-1942,123,3.75,0.25,2,5,50,VC,50,0,False,m123-n30-1942
double-m5-n9-59,5,0.0,0.75,2,5,40,CB,28,-1,True,m5-n9-59
double-m5-n9-61,5,1.0,0.5,2,5,50,CB,38,-1,True,m5-n9-61
double-m5-n9-63,5,2.0,0.5,2,5,50,CB,38,-1,True,m5-n9-63
double-m5-n9-65,5,3.0,0.5,2,5,50,CB,38,-1,True,m5-n9-65
double-m6-n15-72,6,0.0,0.75,2,5,40,CB,28,-1,True,m6-n15-72
double-m6-n15-74,6,1.0,0.5,2,5,50,CB,38,-1,True,m6-n15-74
double-m6-n15-76,6,2.0,0.5,2,5,50,CB,38,-1,True,m6-n15-76
double-m6-n15-78,6,3.0,0.5,2,5,50,CB,38,-1,True,m6-n15-78
double-m7-n17-87,7,0.0,0.75,2,5,40,CB,28,-1,True,m7-n17-87
double-m7-n17-89,7,1.0,0.5,2,5,50,CB,38,-1,True,m7-n17-89
double-m7-n17-91,7,2.0,0.5,2,5,50,CB,38,-1,True,m7-n17-91
double-m7-n17-93,7,3.0,0.5,2,5,50,CB,38,-1,True,m7-n17-93
double-m8-n14-99,8,0.0,0.75,2,5,40,CB,28,-1,True,m8-n14-99
double-m8-n14-101,8,1.0,0.5,2,5,50,CB,38,-1,True,m8-n14-101
double-m8-n14-103,8,2.0,0.5,2,5,50,CB,38,-1,True,m8-n14-103
double-m8-n14-105,8,3.0,0.5,2,5,50,CB,38,-1,True,m8-n14-105
double-m9-n16-114,9,0.0,0.75,2,5,40,CB,28,-1,True,m9-n16-114
double-m9-n16-116,9,1.0,0.5,2,5,50,CB,38,-1,True,m9-n16-116
double-m9-n16-118,9,2.0,0.5,2,5,50,CB,38,-1,True,m9-n16-118
double-m9-n16-120,9,3.0,0.5,2,5,50,CB,38,-1,True,m9-n16-120
double-m10-n17-130,10,0.0,0.75,2,5,40,CB,28,-1,True,m10-n17-130
double-m10-n17-132,10,1.0,0.5,2,5,50,CB,38,-1,True,m10-n17-132
double-m10-n17-134,10,2.0,0.5,2,5,50,CB,38,-1,True,m10-n17-134
double-m10-n17-136,10,3.0,0.5,2,5,50,CB,38,-1,True,m10-n17-136
double-m11-n13-141,11,0.0,0.75,2,5,35,CB,35,0,True,m11-n13-141
double-m11-n13-143,11,1.0,0.5,2,5,45,CB,33,-1,True,m11-n13-143
double-m11-n13-145,11,2.0,0.5,2,5,45,CB,33,-1,True,m11-n13-145
double-m11-n13-147,11,3.0,0.5,2,5,45,CB,33,-1,True,m11-n13-147
double-m12-n13-151,12,0.0,0.75,2,5,35,CB,35,0,True,m12-n13-151
double-m12-n13-153,12,1.0,0.5,2,5,45,CB,33,-1,True,m12-n13-153
double-m12-n13-155,12,2.0,0.5,2,5,45,CB,33,-1,True,m12-n13-155
double-m12-n13-157,12,3.0,0.5,2,5,45,CB,33,-1,True,m12-n13-157
double-m13-n21-171,13,0.0,0.75,2,5,33,CB,33,0,True,m13-n21-171
double-m13-n21-173,13,1.0,0.5,2,5,43,CB,31,-1,True,m13-n21-173
double-m13-n21-175,13,2.0,0.5,2,5,43,CB,31,-1,True,m13-n21-175
double-m13-n21-177,13,3.0,0.5,2,5,43,CB,31,-1,True,m13-n21-177
double-m14-n20-190,14,0.0,0.75,2,5,35,CB,35,0,True,m14-n20-190
double-m14-n20-192,14,1.0,0.5,2,5,45,CB,33,-1,True,m14-n20-192
double-m14-n20-194,14,2.0,0.5,2,5,45,CB,33,-1,True,m14-n20-194
double-m14-n20-196,14,3.0,0.5,2,5,45,CB,33,-1,True,m14-n20-196
double-m15-n17-206,15,0.0,0.75,2,5,40,CB,28,-1,True,m15-n17-206
double-m15-n17-208,15,1.0,0.5,2,5,50,CB,38,-1,True,m15-n17-208
double-m15-n17-210,15,2.0,0.5,2,5,50,CB,38,-1,True,m15-n17-210
double-m15-n17-212,15,3.0,0.5,2,5,50,CB,38,-1,True,m15-n17-212
double-m16-n20-217,16,0.0,0.5,2,5,40,CB,28,-1,True,m16-n20-217
double-m17-n17-240,17,0.0,0.75,2,5,40,CB,28,-1,True,m17-n17-240
double-m17-n17-242,17,1.0,0.5,2,5,50,CB,38,-1,True,m17-n17-242
double-m17-n17-244,17,2.0,0.5,2,5,50,CB,38,-1,True,m17-n17-244
double-m17-n17-246,17,3.0,0.5,2,5,50,CB,38,-1,True,m17-n17-246
double-m18-n23-262,18,0.0,0.75,2,5,40,CB,28,-1,True,m18-n23-262
double-m18-n23-264,18,1.0,0.5,2,5,50,CB,38,-1,True,m18-n23-264
double-m18-n23-266,18,2.0,0.5,2,5,50,CB,38,-1,True,m18-n23-266
double-m18-n23-268,18,3.0,0.5,2,5,50,CB,38,-1,True,m18-n23-268
double-m19-n15-276,19,0.0,0.75,2,5,35,CB,35,0,True,m19-n15-276
double-m19-n15-278,19,1.0,0.5,2,5,45,CB,33,-1,True,m19-n15-278
double-m19-n15-280,19,2.0,0.5,2,5,45,CB,33,-1,True,m19-n15-280
double-m19-n15-282,19,3.0,0.5,2,5,45,CB,33,-1,True,m19-n15-282
double-m20-n9-284,20,0.0,0.75,2,5,35,CB,35,0,True,m20-n9-284
double-m20-n9-286,20,1.0,0.5,2,5,45,CB,33,-1,True,m20-n9-286
double-m20-n9-288,20,2.0,0.5,2,5,45,CB,33,-1,True,m20-n9-288
double-m20-n9-290,20,3.0,0.5,2,5,45,CB,33,-1,True,m20-n9-290
double-m21-n21-304,21,0.0,0.75,2,5,33,CB,33,0,True,m21-n21-304
double-m21-n21-306,21,1.0,0.5,2,5,43,CB,31,-1,True,m21-n21-306
double-m21-n21-308,21,2.0,0.5,2,5,43,CB,31,-1,True,m21-n21-308
double-m21-n21-310,21,3.0,0.5,2,5,43,CB,31,-1,True,m21-n21-310
double-m22-n20-322,22,0.0,0.75,2,5,35,CB,35,0,True,m22-n20-322
double-m22-n20-324,22,1.0,0.5,2,5,45,CB,33,-1,True,m22-n20-324
double-m22-n20-326,22,2.0,0.5,2,5,45,CB,33,-1,True,m22-n20-326
double-m22-n20-328,22,3.0,0.5,2,5,45,CB,33,-1,True,m22-n20-328
double-m23-n22-344,23,0.0,1.0,2,5,36,CB,36,0,True,m23-n22-344
double-m23-n22-346,23,1.0,1.0,2,5,36,CB,36,0,True,m23-n22-346
double-m23-n22-348,23,2.0,1.0,2,5,36,CB,36,0,True,m23-n22-348
double-m23-n22-350,23,3.0,1.0,2,5,36,CB,36,0,True,m23-n22-350
double-m24-n22-366,24,0.0,1.0,2,5,38,CB,38,0,True,m24-n22-366
double-m24-n22-368,24,1.0,1.0,2,5,38,CB,38,0,True,m24-n22-368
double-m24-n22-370,24,2.0,1.0,2,5,38,CB,38,0,True,m24-n22-370
double-m24-n22-372,24,3.0,1.0,2,5,38,CB,38,0,True,m24-n22-372
double-m25-n23-384,25,0.0,1.0,2,5,38,CB,38,0,True,m25-n23-384
double-m25-n23-387,25,2.0,0.5,2,5,50,CB,38,-1,True,m25-n23-387
double-m25-n23-391,25,3.0,0.5,2,5,52,CB,40,-1,True,m25-n23-391
double-m27-n24-418,27,0.0,1.0,2,5,38,CB,38,0,True,m27-n24-418
double-m27-n24-421,27,2.0,0.5,2,5,50,CB,38,-1,True,m27-n24-421
double-m27-n24-425,27,3.0,0.5,2,5,55,CB,43,-1,True,m27-n24-425
double-m29-n24-456,29,0.0,1.0,2,5,38,CB,38,0,True,m29-n24-456
double-m29-n24-459,29,2.0,0.5,2,5,50,CB,38,-1,True,m29-n24-459
double-m29-n24-463,29,3.0,0.5,2,5,52,CB,40,-1,True,m29-n24-463
double-m31-n24-491,31,0.0,1.0,2,5,38,CB,38,0,True,m31-n24-491
double-m31-n24-494,31,2.0,0.5,2,5,50,CB,38,-1,True,m31-n24-494
double-m31-n24-498,31,3.0,0.5,2,5,55,CB,43,-1,True,m31-n24-498
double-m39-n15-597,39,0.0,0.75,2,5,40,CB,28,-1,True,m39-n15-597
double-m39-n15-599,39,1.0,0.5,2,5,50,CB,38,-1,True,m39-n15-599
double-m39-n15-601,39,2.0,0.5,2,5,50,CB,38,-1,True,m39-n15-601
double-m39-n15-603,39,3.0,0.5,2,5,50,CB,38,-1,True,m39-n15-603
double-m40-n23-611,40,0.0,0.5,2,5,40,CB,28,-1,True,m40-n23-611
double-m41-n17-634,41,0.0,0.75,2,5,40,CB,28,-1,True,m41-n17-634
double-m41-n17-636,41,1.0,0.5,2,5,50,CB,38,-1,True,m41-n17-636
double-m41-n17-638,41,2.0,0.5,2,5,50,CB,38,-1,True,m41-n17-638
double-m41-n17-640,41,3.0,0.5,2,5,50,CB,38,-1,True,m41-n17-640
double-m42-n23-656,42,0.0,0.75,2,5,40,CB,28,-1,True,m42-n23-656
double-m42-n23-658,42,1.0,0.5,2,5,50,CB,38,-1,True,m42-n23-658
double-m42-n23-660,42,2.0,0.5,2,5,50,CB,38,-1,True,m42-n23-660
double-m42-n23-662,42,3.0,0.5,2,5,50,CB,38,-1,True,m42-n23-662
double-m43-n15-670,43,0.0,0.75,2,5,35,CB,35,0,True,m43-n15-670
double-m43-n15-672,43,1.0,0.5,2,5,45,CB,33,-1,True,m43-n15-672
double-m43-n15-674,43,2.0,0.5,2,5,45,CB,33,-1,True,m43-n15-674
double-m43-n15-676,43,3.0,0.5,2,5,45,CB,33,-1,True,m43-n15-676
double-m44-n12-680,44,0.0,0.75,2,5,35,CB,35,0,True,m44-n12-680
double-m44-n12-682,44,1.0,0.5,2,5,45,CB,33,-1,True,m44-n12-682
double-m44-n12-684,44,2.0,0.5,2,5,45,CB,33,-1,True,m44-n12-684
double-m44-n12-686,44,3.0,0.5,2,5,45,CB,33,-1,True,m44-n12-686
double-m45-n15-694,45,0.0,0.75,2,5,33,CB,33,0,True,m45-n15-694
double-m45-n15-696,45,1.0,0.5,2,5,43,CB,31,-1,True,m45-n15-696
double-m45-n15-698,45,2.0,0.5,2,5,43,CB,31,-1,True,m45-n15-698
double-m45-n15-700,45,3.0,0.5,2,5,43,CB,31,-1,True,m45-n15-700
double-m46-n16-709,46,0.0,0.75,2,5,35,CB,35,0,True,m46-n16-709
double-m46-n16-711,46,1.0,0.5,2,5,45,CB,33,-1,True,m46-n16-711
double-m46-n16-713,46,2.0,0.5,2,5,45,CB,33,-1,True,m46-n16-713
double-m46-n16-715,46,3.0,0.5,2,5,45,CB,33,-1,True,m46-n16-715
double-m47-n17-725,47,0.0,0.75,2,5,40,CB,28,-1,True,m47-n17-725
double-m47-n17-727,47,1.0,0.5,2,5,50,CB,38,-1,True,m47-n17-727
double-m47-n17-729,47,2.0,0.5,2,5,50,CB,38,-1,True,m47-n17-729
double-m47-n17-731,47,3.0,0.5,2,5,50,CB,38,-1,True,m47-n17-731
double-m48-n22-738,48,0.0,0.5,2,5,40,CB,28,-1,True,m48-n22-738
double-m49-n17-761,49,0.0,0.75,2,5,40,CB,28,-1,True,m49-n17-761
double-m49-n17-763,49,1.0,0.5,2,5,50,CB,38,-1,True,m49-n17-763
double-m49-n17-765,49,2.0,0.5,2,5,50,CB,38,-1,True,m49-n17-765
double-m49-n17-767,49,3.0,0.5,2,5,50,CB,38,-1,True,m49-n17-767
double-m50-n15-775,50,0.0,0.75,2,5,40,CB,28,-1,True,m50-n15-775
double-m50-n15-777,50,1.0,0.5,2,5,50,CB,38,-1,True,m50-n15-777
double-m50-n15-779,50,2.0,0.5,2,5,50,CB,38,-1,True,m50-n15-779
double-m50-n15-781,50,3.0,0.5,2,5,50,CB,38,-1,True,m50-n15-781
double-m51-n18-792,51,0.0,0.75,2,5,35,CB,35,0,True,m51-n18-792
double-m51-n18-794,51,1.0,0.5,2,5,45,CB,33,-1,True,m51-n18-794
double-m51-n18-796,51,2.0,0.5,2,5,45,CB,33,-1,True,m51-n18-796
double-m51-n18-798,51,3.0,0.5,2,5,45,CB,33,-1,True,m51-n18-798
double-m52-n21-809,52,0.0,0.75,2,5,35,CB,35,0,True,m52-n21-809
double-m52-n21-811,52,1.0,0.5,2,5,45,CB,33,-1,True,m52-n21-811
double-m52-n21-813,52,2.0,0.5,2,5,45,CB,33,-1,True,m52-n21-813
double-m52-n21-815,52,3.0,0.5,2,5,45,CB,33,-1,True,m52-n21-815
double-m53-n19-827,53,0.0,0.75,2,5,33,CB,33,0,True,m53-n19-827
double-m53-n19-829,53,1.0,0.5,2,5,43,CB,31,-1,True,m53-n19-829
double-m53-n19-831,53,2.0,0.5,2,5,43,CB,31,-1,True,m53-n19-831
double-m53-n19-833,53,3.0,0.5,2,5,43,CB,31,-1,True,m53-n19-833
double-m54-n18-844,54,0.0,0.75,2,5,35,CB,35,0,True,m54-n18-844
double-m54-n18-846,54,1.0,0.5,2,5,45,CB,33,-1,True,m54-n18-846
double-m54-n18-848,54,2.0,0.5,2,5,45,CB,33,-1,True,m54-n18-848
double-m54-n18-850,54,3.0,0.5,2,5,45,CB,33,-1,True,m54-n18-850
double-m55-n18-861,55,0.0,1.0,2,5,36,CB,36,0,True,m55-n18-861
double-m55-n18-863,55,1.0,1.0,2,5,36,CB,36,0,True,m55-n18-863
double-m55-n18-865,55,2.0,1.0,2,5,36,CB,36,0,True,m55-n18-865
double-m55-n18-867,55,3.0,1.0,2,5,36,CB,36,0,True,m55-n18-867
double-m56-n19-879,56,0.0,1.0,2,5,38,CB,38,0,True,m56-n19-879
double-m56-n19-881,56,1.0,1.0,2,5,38,CB,38,0,True,m56-n19-881
double-m56-n19-883,56,2.0,1.0,2,5,38,CB,38,0,True,m56-n19-883
double-m56-n19-885,56,3.0,1.0,2,5,38,CB,38,0,True,m56-n19-885
double-m57-n25-898,57,0.0,1.0,2,5,38,CB,38,0,True,m57-n25-898
double-m57-n25-901,57,2.0,0.5,2,5,50,CB,38,-1,True,m57-n25-901
double-m57-n25-905,57,3.0,0.5,2,5,52,CB,40,-1,True,m57-n25-905
double-m59-n25-934,59,0.0,1.0,2,5,38,CB,38,0,True,m59-n25-934
double-m59-n25-937,59,2.0,0.5,2,5,50,CB,38,-1,True,m59-n25-937
double-m59-n25-941,59,3.0,0.5,2,5,55,CB,43,-1,True,m59-n25-941
double-m61-n24-972,61,0.0,1.0,2,5,38,CB,38,0,True,m61-n24-972
double-m61-n24-975,61,2.0,0.5,2,5,50,CB,38,-1,True,m61-n24-975
double-m61-n24-979,61,3.0,0.5,2,5,52,CB,40,-1,True,m61-n24-979
double-m63-n24-1007,63,0.0,1.0,2,5,38,CB,38,0,True,m63-n24-1007
double-m63-n24-1010,63,2.0,0.5,2,5,50,CB,38,-1,True,m63-n24-1010
double-m63-n24-1014,63,3.0,0.5,2,5,55,CB,43,-1,True,m63-n24-1014
double-m71-n15-1113,71,0.0,0.75,2,5,40,CB,28,-1,True,m71-n15-1113
double-m71-n15-1115,71,1.0,0.5,2,5,50,CB,38,-1,True,m71-n15-1115
double-m71-n15-1117,71,2.0,0.5,2,5,50,CB,38,-1,True,m71-n15-1117
double-m71-n15-1119,71,3.0,0.5,2,5,50,CB,38,-1,True,m71-n15-1119
double-m72-n27-1130,72,0.0,0.5,2,5,40,CB,28,-1,True,m72-n27-1130
double-m73-n20-1153,73,0.0,0.75,2,5,40,CB,28,-1,True,m73-n20-1153
double-m73-n20-1155,73,1.0,0.5,2,5,50,CB,38,-1,True,m73-n20-1155
double-m73-n20-1157,73,2.0,0.5,2,5,50,CB,38,-1,True,m73-n20-1157
double-m73-n20-1159,73,3.0,0.5,2,5,50,CB,38,-1,True,m73-n20-1159
double-m74-n20-1173,74,0.0,0.75,2,5,40,CB,28,-1,True,m74-n20-1173
double-m74-n20-1175,74,1.0,0.5,2,5,50,CB,38,-1,True,m74-n20-1175
double-m74-n20-1177,74,2.0,0.5,2,5,50,CB,38,-1,True,m74-n20-1177
double-m74-n20-1179,74,3.0,0.5,2,5,50,CB,38,-1,True,m74-n20-1179
double-m75-n20-1189,75,0.0,0.75,2,5,35,CB,35,0,True,m75-n20-1189
double-m75-n20-1191,75,1.0,0.5,2,5,45,CB,33,-1,True,m75-n20-1191
double-m75-n20-1193,75,2.0,0.5,2,5,45,CB,33,-1,True,m75-n20-1193
double-m75-n20-1195,75,3.0,0.5,2,5,45,CB,33,-1,True,m75-n20-1195
double-m76-n20-1209,76,0.0,0.75,2,5,35,CB,35,0,True,m76-n20-1209
double-m76-n20-1211,76,1.0,0.5,2,5,45,CB,33,-1,True,m76-n20-1211
double-m76-n20-1213,76,2.0,0.5,2,5,45,CB,33,-1,True,m76-n20-1213
double-m76-n20-1215,76,3.0,0.5,2,5,45,CB,33,-1,True,m76-n20-1215
double-m77-n19-1225,77,0.0,0.75,2,5,33,CB,33,0,True,m77-n19-1225
double-m77-n19-1227,77,1.0,0.5,2,5,43,CB,31,-1,True,m77-n19-1227
double-m77-n19-1229,77,2.0,0.5,2,5,43,CB,31,-1,True,m77-n19-1229
double-m77-n19-1231,77,3.0,0.5,2,5,43,CB,31,-1,True,m77-n19-1231
double-m78-n22-1245,78,0.0,0.75,2,5,35,CB,35,0,True,m78-n22-1245
double-m78-n22-1247,78,1.0,0.5,2,5,45,CB,33,-1,True,m78-n22-1247
double-m78-n22-1249,78,2.0,0.5,2,5,45,CB,33,-1,True,m78-n22-1249
double-m78-n22-1251,78,3.0,0.5,2,5,45,CB,33,-1,True,m78-n22-1251
double-m79-n16-1260,79,0.0,0.75,2,5,40,CB,28,-1,True,m79-n16-1260
double-m79-n16-1262,79,1.0,0.5,2,5,50,CB,38,-1,True,m79-n16-1262
double-m79-n16-1264,79,2.0,0.5,2,5,50,CB,38,-1,True,m79-n16-1264
double-m79-n16-1266,79,3.0,0.5,2,5,50,CB,38,-1,True,m79-n16-1266
double-m80-n22-1272,80,0.0,0.5,2,5,40,CB,28,-1,True,m80-n22-1272
double-m81-n19-1297,81,0.0,0.75,2,5,40,CB,28,-1,True,m81-n19-1297
double-m81-n19-1299,81,1.0,0.5,2,5,50,CB,38,-1,True,m81-n19-1299
double-m81-n19-1301,81,2.0,0.5,2,5,50,CB,38,-1,True,m81-n19-1301
double-m81-n19-1303,81,3.0,0.5,2,5,50,CB,38,-1,True,m81-n19-1303
double-m82-n16-1311,82,0.0,0.75,2,5,40,CB,28,-1,True,m82-n16-1311
double-m82-n16-1313,82,1.0,0.5,2,5,50,CB,38,-1,True,m82-n16-1313
double-m82-n16-1315,82,2.0,0.5,2,5,50,CB,38,-1,True,m82-n16-1315
double-m82-n16-1317,82,3.0,0.5,2,5,50,CB,38,-1,True,m82-n16-1317
double-m83-n16-1327,83,0.0,0.75,2,5,35,CB,35,0,True,m83-n16-1327
double-m83-n16-1329,83,1.0,0.5,2,5,45,CB,33,-1,True,m83-n16-1329
double-m83-n16-1331,83,2.0,0.5,2,5,45,CB,33,-1,True,m83-n16-1331
double-m83-n16-1333,83,3.0,0.5,2,5,45,CB,33,-1,True,m83-n16-1333
double-m84-n12-1336,84,0.0,0.75,2,5,35,CB,35,0,True,m84-n12-1336
double-m84-n12-1338,84,1.0,0.5,2,5,45,CB,33,-1,True,m84-n12-1338
double-m84-n12-1340,84,2.0,0.5,2,5,45,CB,33,-1,True,m84-n12-1340
double-m84-n12-1342,84,3.0,0.5,2,5,45,CB,33,-1,True,m84-n12-1342
double-m85-n16-1351,85,0.0,0.75,2,5,33,CB,33,0,True,m85-n16-1351
double-m85-n16-1353,85,1.0,0.5,2,5,43,CB,31,-1,True,m85-n16-1353
double-m85-n16-1355,85,2.0,0.5,2,5,43,CB,31,-1,True,m85-n16-1355
double-m85-n16-1357,85,3.0,0.5,2,5,43,CB,31,-1,True,m85-n16-1357
double-m86-n16-1365,86,0.0,0.75,2,5,35,CB,35,0,True,m86-n16-1365
double-m86-n16-1367,86,1.0,0.5,2,5,45,CB,33,-1,True,m86-n16-1367
double-m86-n16-1369,86,2.0,0.5,2,5,45,CB,33,-1,True,m86-n16-1369
double-m86-n16-1371,86,3.0,0.5,2,5,45,CB,33,-1,True,m86-n16-1371
double-m87-n16-1380,87,0.0,1.0,2,5,36,CB,36,0,True,m87-n16-1380
double-m87-n16-1382,87,1.0,1.0,2,5,36,CB,36,0,True,m87-n16-1382
double-m87-n16-1384,87,2.0,1.0,2,5,36,CB,36,0,True,m87-n16-1384
double-m87-n16-1386,87,3.0,1.0,2,5,36,CB,36,0,True,m87-n16-1386
double-m88-n20-1400,88,0.0,1.0,2,5,38,CB,38,0,True,m88-n20-1400
double-m88-n20-1402,88,1.0,1.0,2,5,38,CB,38,0,True,m88-n20-1402
double-m88-n20-1404,88,2.0,1.0,2,5,38,CB,38,0,True,m88-n20-1404
double-m88-n20-1406,88,3.0,1.0,2,5,38,CB,38,0,True,m88-n20-1406
double-m89-n24-1418,89,0.0,1.0,2,5,38,CB,38,0,True,m89-n24-1418
double-m89-n24-1421,89,2.0,0.5,2,5,50,CB,38,-1,True,m89-n24-1421
double-m89-n24-1425,89,3.0,0.5,2,5,52,CB,40,-1,True,m89-n24-1425
double-m91-n25-1454,91,0.0,1.0,2,5,38,CB,38,0,True,m91-n25-1454
double-m91-n25-1457,91,2.0,0.5,2,5,50,CB,38,-1,True,m91-n25-1457
double-m91-n25-1461,91,3.0,0.5,2,5,55,CB,43,-1,True,m91-n25-1461
double-m93-n24-1492,93,0.0,1.0,2,5,38,CB,38,0,True,m93-n24-1492
double-m93-n24-1495,93,2.0,0.5,2,5,50,CB,38,-1,True,m93-n24-1495
double-m93-n24-1499,93,3.0,0.5,2,5,52,CB,40,-1,True,m93-n24-1499
double-m95-n24-1527,95,0.0,1.0,2,5,38,CB,38,0,True,m95-n24-1527
double-m95-n24-1530,95,2.0,0.5,2,5,50,CB,38,-1,True,m95-n24-1530
double-m95-n24-1534,95,3.0,0.5,2,5,55,CB,43,-1,True,m95-n24-1534
double-m103-n16-1628,103,0.0,0.5,2,5,40,CB,28,-1,True,m103-n16-1628
double-m111-n12-1742,111,0.0,4.0,2,5,55,CB,43,-1,True,m111-n12-1742
double-m112-n21-1761,112,0.0,2.0,2,5,48,CB,36,-1,True,m112-n21-1761
double-m112-n21-1762,112,2.0,1.0,2,5,53,CB,41,-1,True,m112-n21-1762
double-m112-n21-1763,112,3.0,1.0,2,5,54,CB,42,-1,True,m112-n21-1763
double-m113-n12-1775,113,0.0,4.0,2,5,55,CB,43,-1,True,m113-n12-1775
double-m114-n22-1794,114,0.0,1.0,2,5,48,CB,36,-1,True,m114-n22-1794
double-m114-n22-1795,114,1.0,1.0,2,5,52,CB,40,-1,True,m114-n22-1795
double-m114-n22-1796,114,2.0,1.0,2,5,50,CB,38,-1,True,m114-n22-1796
double-m114-n22-1797,114,3.0,1.0,2,5,48,CB,36,-1,True,m114-n22-1797
double-m115-n12-1809,115,0.0,4.0,2,5,47,CB,35,-1,True,m115-n12-1809
double-m116-n22-1828,116,0.0,1.0,2,5,45,CB,33,-1,True,m116-n22-1828
double-m116-n22-1829,116,1.0,1.0,2,5,48,CB,36,-1,True,m116-n22-1829
double-m116-n22-1830,116,2.0,1.0,2,5,52,CB,40,-1,True,m116-n22-1830
double-m116-n22-1831,116,3.0,1.0,2,5,54,CB,42,-1,True,m116-n22-1831
double-m117-n8-1839,117,0.0,4.0,2,5,55,CB,43,-1,True,m117-n8-1839
double-m118-n19-1856,118,0.0,2.0,2,5,48,CB,36,-1,True,m118-n19-1856
double-m118-n19-1857,118,2.0,1.0,2,5,53,CB,41,-1,True,m118-n19-1857
double-m118-n19-1858,118,3.0,1.0,2,5,54,CB,42,-1,True,m118-n19-1858
double-m119-n8-1866,119,0.0,4.0,2,5,55,CB,43,-1,True,m119-n8-1866
double-m120-n20-1883,120,0.0,1.0,2,5,48,CB,36,-1,True,m120-n20-1883
double-m120-n20-1884,120,1.0,1.0,2,5,52,CB,40,-1,True,m120-n20-1884
double-m120-n20-1885,120,2.0,1.0,2,5,50,CB,38,-1,True,m120-n20-1885
double-m120-n20-1886,120,3.0,1.0,2,5,48,CB,36,-1,True,m120-n20-1886
double-m121-n8-1894,121,0.0,4.0,2,5,47,CB,35,-1,True,m121-n8-1894
double-m122-n20-1911,122,0.0,1.0,2,5,45,CB,33,-1,True,m122-n20-1911
double-m122-n20-1912,122,1.0,1.0,2,5,48,CB,36,-1,True,m122-n20-1912
double-m122-n20-1913,122,2.0,1.0,2,5,52,CB,40,-1,True,m122-n20-1913
double-m122-n20-1914,122,3.0,1.0,2,5,54,CB,42,-1,True,m122-n20-1914
